fusioncatcher,tophat

ntools,lab,cell,accuracy,precision,#TP,#GT,#FP,TP_list,FP_list
1,gcsi,BT474,0.9130434782608695,0.03431372549019608,21,23,591,"['RPS6KB1--SNF8', 'ZMYND8--CEP250', 'ACACA--STAC2', 'STX16--RAE1', 'FAM102A--CIZ1', 'AHCTF1--NAAA', 'TOB1--SYNRG', 'TRPC4AP--MRPL45', 'MED1--ACSF2', 'STARD3--DOK5', 'MED1--STXBP4', 'MED13--BCAS3', 'RAB22A--MYO9B', 'SKA2--MYO19', 'PIP4K2B--RAD51C', 'GLB1--CMTM7', 'USP32--MED1', 'DIDO1--TTI1', 'CPNE1--PI3', 'LAMP1--MCF2L', 'VAPB--IKZF3']","['THRA--THRA1/BTR', 'NPEPPS--TBC1D3', 'STX16-NPEPL1--RAE1', 'IKZF3--VAPB', 'SDHD--AP003973.3', 'NPIPB5--SMG1', 'AP002884.2--AP003973.3', 'ASTN2--AL354754.1', 'ERBB2--GRB7', 'TPM4--SYCE2', 'MEF2D--OR10J1', 'PTMA--SET', 'SIDT2--TAGLN', 'FITM2--UQCC1', 'CDK6--PSPH', 'PPP1R12A--MGAT4C', 'PTMA--HSP90AA1', 'NPM1--SET', 'RPL19--EEF1A1', 'LASP1--ERBB2', 'LINC00680--AC138409.2', 'NCL--SET', 'NPM1--PTMA', 'RNF125--BRI3BP', 'TMPO--ZFP36L1', 'TRIM37--MYO19', 'ATXN3--STARD7', 'SCNN1A--TNFRSF1A', 'YWHAB--LRRC75A', 'CLPB--PRR11', 'DDX6--RPL7L1', 'RPL23--EEF1A1', 'BRD4--RFX1', 'ZFP64--PHACTR3', 'BCAS3--AC034268.2', 'IKZF3--NSD2', 'RRM1--TRIM68', 'AC025048.4--HEATR6', 'ANP32B--SET', 'PTMA--APLP2', 'HILPDA--AC010655.3', 'HSPE1--MOB4', 'SLC29A1--HSP90AB1', 'CCDC125--EIF3G', 'CYP4F8--CYP4F23P', 'ERBB2--ACTB', 'NVL--ENAH', 'ZNF600--ZNF813', 'NCOA2--ZNF704', 'UBA2--WTIP', 'AC024560.4--AC124944.2', 'AC092747.2--PPFIBP1', 'APLP2--HSP90AA1', 'ELL--ISYNA1', 'ERGIC3--THRIL', 'MRPS33--TMPO', 'PPP1R9A--WDR66', 'RPL19--NCL', 'AC124944.2--AC132008.2', 'BCAS1--ZNF44', 'CCDC32--CBX3', 'CIRBP--FAM174C', 'HMGB1--PTMA', 'LRRC8A--SET', 'PSPH--IGF2BP3', 'TJP1--AC111152.1', 'AC091951.3--HERC2', 'ACSL3--SGPP2', 'CYP4F8--ILVBL', 'GOLT1A--KISS1', 'LSM12--TRG@', 'PSPH--TRB@', 'AC004921.2--GSAP', 'AP002754.1--RPLP0P2', 'CIZ1--NCL', 'COQ8B--NUMBL', 'D2HGDH--GAL3ST2', 'DDX27--ZNFX1', 'PIF1--DDOST', 'TRIM3--HPX', 'ZNF451--BAG2', 'AC044860.1--GOLGA2P2Y', 'AC124312.1--APBA2', 'AC138649.1--HERC2', 'CTBS--GNG5', 'EIF4G1--PTMA', 'HSP90AA1--NCL', 'IGFBP5--HSP90AA1', 'MLLT6--RET', 'MTG1--SCART1', 'NPM1--EPHA5', 'PRR11--AC008592.5', 'ZNF544--ZNF8', 'AP000534.2--AC073869.7', 'AP000944.5--MAP3K11', 'CCDC88C--NAP1L1', 'CCNI--PTMA', 'DDX17--PANTR1', 'ERBB2--ERGIC1', 'ERGIC1--LASP1', 'FCHSD2--LRTOMT', 'GREB1--ZNF284', 'KRT7--RPL19', 'PTMA--ANP32A', 'PTMA--TTBK1', 'SERF1A--SMN1', 'ACTB--KRT8', 'ARPC4--SETD5', 'CYP4F11--CYP4F23P', 'EEF1A1--EIF4G1', 'HMGB1--SET', 'IGF2BP1--STAC2', 'KDM7A-DT--MIR100HG', 'KRT8--EIF4G1', 'MPLKIP--AC124798.1', 'NAIP--OCLN', 'NCL--EPHA5', 'PRR11--LINC02185', 'PRRC2A--ERBB2', 'PTMA--APP', 'TMED2-DT--FTH1', 'AC006441.3--IGFBP5', 'ACIN1--PTMA', 'AP000974.1--SYTL2', 'ATXN2--TOMM70', 'C19MC--PRR11', 'CFL1--RPL19', 'CIZ1--PTMA', 'CRIPAK--USP14', 'GMEB1--CASP6', 'HLF--MLLT6', 'HSP90AA1--SMARCA4', 'HSPBP1--C11ORF80', 'IL3RA--SWAP70', 'KRTAP5-2--KRTAP5-1', 'LASP1--CALM1', 'NCL--ANP32A', 'NCL--UBTF', 'PAICS--RPS18', 'PRR11--WDR19', 'PTMA--CENPB', 'PTMA--LRRC59', 'PTMA--SRRM2', 'SMARCA4--PTMA', 'TRPV3--LPP', 'UGGT1--AL158154.3', 'ZNF124--ZNF670-ZNF695', 'ZNF681--PGAM5', 'ABCA10--ABCA11P', 'AC006064.4--LASP1', 'AC006441.3--PTMA', 'AC006441.3--SLC25A6', 'AC008840.1--SPATA9', 'AC064829.1--KLHL42', 'AC073320.1--LRRFIP1', 'ACSS1--APMAP', 'AL022323.3--DHFR', 'AL589182.1--AP000527.1', 'AL590652.1--VAPA', 'ARL5A--THUMPD3-AS1', 'BAIAP2L2--SLC16A8', 'C19MC--RPLP1', 'C19ORF47--AKT2', 'CALCOCO2--DNAL1', 'CFL1--IGFBP5', 'CRLF2--RAB3D', 'DHX40--MED1', 'DNAJC5--ACTB', 'ERBB2--FAM102A', 'FBXL20--NNT-AS1', 'FKBP8--PTMA', 'IGFBP5--MLLT6', 'LASP1--CTNNA1', 'LASP1--TMBIM6', 'MIR100HG--RAB29', 'MRPS30--PMS2', 'MYH9--SET', 'PDE10A--PITPNM3', 'PTMA--DAXX', 'PTMA--PELP1', 'SEC16A--EEF1A1', 'SET--APLP2', 'SET--RANGAP1', 'SETSIP--NCL', 'TEAD2--SLC6A16', 'UBA1--LASP1', 'UBL5--CLCN7', 'UBXN2A--MFSD2B', 'UCP2--ZFP36L1', 'WDR12--MED29', 'ZNF491--ZNF700', 'ZNF665--RAB29', 'ZNF700--ZNF763', 'AC005828.7--DENR', 'AC006064.4--PKM', 'AC006064.6--NCL', 'AC010326.2--CCNB3', 'AC010401.1--GID8', 'ACTB--UBAP2L', 'ACTR8--AC012467.2', 'AIMP2--ANKRD61', 'ALK--IRX3', 'AP003119.1--GUCY2EP', 'ARID4B--NCL', 'BRD4--RPL19', 'C9ORF152--AC245884.4', 'CDV3--NEK1', 'CLTC--ACTB', 'CNTNAP2--EIF1AX', 'CSDE1--ACTB', 'DDX18--AC009313.2', 'DHFR--ERBB2', 'DYNLRB1--MAP1LC3A', 'EED--HIKESHI', 'ERBB2--CISD3', 'ERBB2--IPO7', 'ERBB2--RPS14', 'ERH--AC092979.1', 'FGFR2--MKNK2', 'GABRB3--RYR3', 'GCC2-AS1--AC133644.3', 'HNRNPA2B1--RPL23', 'HSP90AA1--ACTB', 'ITCH--HNRNPUL1', 'ITCH--MAP1LC3A', 'KRT8--HNRNPA2B1', 'KRT8--SERINC2', 'LARS--SLC25A33', 'LASP1--ZMIZ1', 'LIMD1--TRA@', 'LONP2--RSL1D1', 'LRP5--ERBB2', 'MAVS--TMEM161B-AS1', 'MED1--YWHAB', 'MED24--LASP1', 'MLLT6--CCNI', 'MYO9A--RAC1', 'NCL--PRKCSH', 'NCOA3--MLLT6', 'NOP9--PRKCSH', 'NUSAP1--INO80-AS1', 'PARP1--SPOP', 'PKM--TUBB', 'PRR11--HMG20B', 'PRRC2B--P4HB', 'PSMB3--TRA@', 'PTMA--EWSR1', 'PTMA--PTMS', 'PTMA--SCAF1', 'RNF41--MYO1C', 'SERINC3--ACTB', 'SERINC3--C19MC', 'SGK3--SLC35E3', 'SLC24A1--PTMA', 'SSH2--LIMD1', 'STK4--TSHZ2', 'STRN4--ERBB2', 'TAF8--AC006213.6', 'TLE5--IGFBP5', 'UBB--CFL1', 'USP7--ACTB', 'XPO5--CASP6', 'YWHAB--ERBB2', 'ZNF652--LRRC75A', 'ABL1--SURF4', 'AC091180.3--IGFBP5', 'AC093001.1--TM4SF1-AS1', 'ACACA--EEF1A1', 'ACTB--FOXN3', 'ACTB--ITCH', 'ADAR--LINC02482', 'AL158154.3--SMIM14', 'AL161454.1--PARK7', 'AL390728.4--ZNF720', 'ANKRD17--NCL', 'AP002748.4--MRPL11', 'AP003108.2--EIF2S3', 'AP1S3--CRLF2', 'APLP2--CIZ1', 'APP--ACTB', 'ARHGEF12--IGFBP5', 'ARL2--RUNDC1', 'BCL11A--YWHAZ', 'BRAF--EXOG', 'C19MC--SMIM14', 'C9ORF152--MCPH1-AS1', 'CAPN2--PTMA', 'CASZ1--RPL23AP89', 'CCAR1--SPOP', 'CCDC124--PTMA', 'CENPB--NCL', 'CHST11--EIF5', 'CLSTN1--ERBB2', 'CPT2--FMR1', 'CRIPT--TAPBP', 'CSF2RA--STARD7', 'CXORF56--FBXO7', 'CYP4F23P--CYP4F3', 'DCAF7--TACO1', 'DDX21--YWHAB', 'EEF1A1--IRAK1', 'EEF1AKNMT--DNM3', 'EGLN2--ERBB2', 'EIF5B--PTMA', 'ELMSAN1--IGFBP5', 'ERBB2--ACSL1', 'ERBB2--LETM1', 'ETV6--IVD', 'FAM210B--SCO1', 'FAU--RABL6', 'FTH1--RPS14', 'FYCO1--LZTFL1', 'GASK1B--AC098679.4', 'GREB1--HNRNPUL1', 'HDGF--NCL', 'HDLBP--YWHAB', 'HMGB1--CALR', 'HNRNPA0--FMR1', 'HNRNPH1--HNRNPA2B1', 'HNRNPU--AHNAK', 'HSPB1--FTH1', 'ICOSLG--C19MC', 'IDE--TBC1D16', 'IGFBP5--SEPTIN11', 'IGFBP5--TNRC18', 'ITCH--PRRC2A', 'ITCH--TFRC', 'ITPK1--PTMA', 'KHSRP--GAPDH', 'KLF7--AC134508.1', 'KLHL42--BHLHE40', 'KPNB1--ERBB2', 'KRT8--DYNLRB1', 'KRT8--MARCKSL1', 'LASP1--KREMEN1', 'LASP1--NPLOC4', 'LASP1--PRR11', 'LASP1--YWHAB', 'LINC00632--RPL7L1', 'LINC01118--CSRP1', 'LRRC75A--FAM210B', 'MAPK14--MLLT6', 'MCCC2--WIPF2', 'MECOM--RPL22', 'MED12--NLGN3', 'MIR193BHG--MIS18A', 'MTHFR--DTD2', 'MUC6--PPIA', 'MYL6--GNAS', 'NCL--RTN4', 'NCL--SETD1A', 'NEK5--ZKSCAN1', 'NELFB--TOR4A', 'NIPA2--WDFY3-AS2', 'NOL11--NCOA3', 'NPM1--PTPN11', 'OR52A1--DDI2', 'PAICS--FAM98C', 'PCGF2--ZFP36L1', 'PCGF2--ZMAT1', 'PDIA6--AC092687.3', 'PEBP1--YWHAB', 'PHB--HNRNPL', 'POLR3GL--PTMA', 'PPIP5K1--CATSPER2', 'PPM1G--NCL', 'PRR11--AL158154.3', 'PRR11--YWHAB', 'PRRC2B--YWHAB', 'PSMC1--PKM', 'PSMD3--DDX54', 'PTMA--ARL6IP4', 'PTMA--CLSTN1', 'PTMA--HK1', 'PTP4A2--MLLT6', 'PTPRS--ERBB2', 'RAB7A--PTMA', 'RAC1--IGH@', 'RAD23B--LASP1', 'RPH3AL--LASP1', 'RPL7L1--TRA@', 'RPRD1B--GID8', 'SBK1--TRA@', 'SCAF1--NCL', 'SHROOM3--CCNI', 'SLC9A3R1--ACTB', 'SMARCA2--PTMA', 'SPINT2--PRKCSH', 'STAC2--CACNB1', 'STRIT1--SAPCD2', 'STRN--CCNI', 'STX18-AS1--IGFBP5', 'TAPBP--TSPAN31', 'TFRC--ACTB', 'TIMELESS--RANGAP1', 'TMUB1--LASP1', 'TTLL1--PACSIN2', 'TXNL4A--SLC66A2', 'UBE2Z--P4HB', 'UCK2--SDHC', 'UTP6--COPRS', 'VIRMA--PTMA', 'VPS4A--PDF', 'YWHAE--LASP1', 'ZFHX3--NCL', 'ZFP36L1--IGFBP5', 'ZMYND8--LASP1', 'ZNF264--TRUB2', 'ZNF346--FGFR4', 'ZNF621--FCF1', 'ZNF675--PPHLN1', 'ACACA--ERBB2', 'NUTM2A--NUTM2B', 'AGPAT5--MCPH1', 'EWSR1--FUS', 'NCAPD2--MRPL51', 'PDK2--VMP1', 'POLA2--CDC42EP2', 'SET--ANP32E', 'TADA2A--ERBB2', 'ENSG00000248527--CCT3', 'ENO1--EDARADD', 'CASZ1--TNFRSF8', 'IPO13--CCDC24', 'SMYD3--ENSG00000143420', 'KDM5B--DNAH14', 'ENSG00000229344--HSP90AA1', 'HNRNPCL1--HNRNPC', 'ENSG00000248527--ARL6IP1', 'ENSG00000198744--FUS', 'ENSG00000225630--RPL23', 'ENSG00000233328--PFN1', 'ENSG00000213225--NOC2L', 'ZC3H11A--CNOT6L', 'FAM89A--RNF4', 'ENSG00000244192--RPL11', 'DPYD--SEC63', 'HMGN3--ENSG00000227415', 'ENSG00000234741--MDN1', 'ENSG00000248527--RPL8', 'PARP1--RNR2', 'HNRNPU--ENSG00000198938', 'FDPS--ENSG00000215035', 'ENSG00000272734--ADIRF', 'ENSG00000213574--LDHA', 'SCD--ENSG00000226549', 'HNRNPH3--ENSG00000198888', 'HNRNPH3--ENSG00000198712', 'BLOC1S2--ENSG00000236982', 'ENSG00000176340--COX8A', 'POLA2--MAP3K11', 'NUMA1--FCHSD2', 'TPT1-AS1--RCN1', 'TSG101--YWHAB', 'YWHAB--TSG101', 'RPS3--ENSG00000228205', 'ENSG00000213121--RPL27A', 'CTNND1--ENSG00000198763', 'PRDX5--RNR2', 'SF1--RNR2', 'RPS6KB2--ENSG00000198804', 'RPS3--ENSG00000198727', 'RPS3--ENSG00000228253', 'STIP1--ENSG00000225536', 'MYL6--ENSG00000228118', 'ENSG00000123009--NME1-NME2', 'PDE3A--ANKRD30BL', 'IRAK3--RBMS1', 'RAN--ENSG00000213370', 'RAN--ENSG00000236603', 'PDE3A--RNR2', 'LDHB--RNR2', 'KRT7--RNR2', 'PCBP2--ENSG00000198804', 'PEBP1--ENSG00000198727', 'UBC--RNR2', 'GAPDH--ENSG00000235587', 'KATNAL1--PRDX2', 'ENSG00000230584--CCT5', 'TPT1--ENSG00000214460', 'PABPC1--PABPC3', 'ZFYVE26--RAD51B', 'ENSG00000249004--PRMT5', 'TTC7B--RPS18', 'HSP90AA1--ENSG00000198763', 'TJP1--ENSG00000229389', 'OTUD7A--LOC100288637', 'NGRN--PERP', 'ENSG00000259696--ADAMTS13', 'ENSG00000259790--ANP32B', 'PKM--ENSG00000198886', 'ETFA--ENSG00000198938', 'ARL6IP1--ENSG00000198899', 'UBB--LASP1', 'TEX14--HEATR6', 'PTRH2--BCAS3', 'LOC105371849--HEATR6', 'BCAS3--TANC2', 'GCGR--SECTM1', 'PSMB3--ENSG00000225794', 'IKZF3--CBFA2T2', 'RPL19--FAM153CP', 'KRT19--ENSG00000218014', 'FBXL20--GALNT17', 'ENSG00000236496--GPS2', 'PFN1--ENSG00000198712', 'UBB--ENSG00000228253', 'UBB--ENSG00000198727', 'UBB--RNR2', 'UBB--ENSG00000198804', 'ENSG00000198695--UBB', 'CWC25--ENSG00000198763', 'LASP1--ENSG00000198763', 'LASP1--ENSG00000198938', 'LASP1--ENSG00000212907', 'LASP1--ENSG00000198886', 'RPL19--ENSG00000228253', 'RPL19--RNR2', 'RPL19--ENSG00000198899', 'PGAP3--RNR2', 'ORMDL3--ENSG00000228253', 'ORMDL3--RNR2', 'PSMD3--ENSG00000198938', 'KRT19--ENSG00000198804', 'KRT19--ENSG00000198899', 'DYNLL2--RNR2', 'CLTC--RNR2', 'DDX5--ENSG00000228253', 'ENSG00000233762--RPS15', 'MAP2K2--LOC407835', 'HNRNPM--ENSG00000198899', 'ZNF417--CCNB3', 'LIMS1--LIMS4', 'KIF1A--SNED1', 'HADHA--CPE', 'CATIP-AS2--FAM153CP', 'GNAQ--ENSG00000214077', 'IGFBP5--ENSG00000228253', 'IGFBP5--ENSG00000198786', 'NCL--RNR2', 'NCL--ENSG00000198712', 'PTMA--ENSG00000228253', 'HDLBP--ENSG00000210082', 'ESF1--MACROD2', 'CPNE1--WFDC12', 'ADNP-AS1--DPM1', 'CENPB--ENSG00000228253', 'PCNA-AS1--RNR2', 'DYNLRB1--ENSG00000228253', 'DYNLRB1--ENSG00000198888', 'DYNLRB1--ENSG00000198938', 'ATP9A--ENSG00000198804', 'GNAS--ENSG00000198712', 'RPL8--ENSG00000225267', 'MAPK12--MAPK11', 'XBP1--RNR2', 'PARL--ENSG00000217648', 'LMTK2--TBC1D5', 'PCOLCE2--RPL8', 'WDR82--RNR2', 'INPP4B--ENSG00000246448', 'RWDD4--ENSG00000237251', 'RWDD4--SRPK2', 'CCT5--ENSG00000250444', 'RACK1--FER', 'FER--RACK1', 'ENSG00000250859--HNRNPK', 'FAM153CP--ENSG00000198888', 'FAM153CP--ENSG00000198886', 'FAM153CP--ENSG00000198712', 'TUBB--ENSG00000127589', 'ILRUN--ENSG00000228253', 'ENSG00000226278--KMT2C', 'ZNF746--ZNF767P', 'SRPK2--NKAIN3', 'HNRNPA2B1--RNR2', 'HSPB1--ENSG00000230216', 'ENSG00000251191--LOC101929470', 'EPPK1--RECQL4', 'VPS13B--ENSG00000198727', 'COX6C--ENSG00000212907', 'COX6C--RNR2', 'COX6C--ENSG00000198804', 'CYC1--RNR2', 'RPL8--ENSG00000198712', 'RPL8--ENSG00000198938', 'STAU2-AS1--ENSG00000227581', 'ASTN2--ENSG00000231901', 'PTGES2--ENSG00000198899', 'RNR2--ENSG00000209082', 'ENSG00000198886--PGK1']"
1,gcsi,KPL4,0.6666666666666666,0.01834862385321101,2,3,107,"['BSG--NFIX', 'NOTCH1--NUP214']","['URM1--ATP8A2', 'PPP1R12A--SEPTIN10', 'SCNN1A--TNFRSF1A', 'PCBP3--AP001042.2', 'LCAL1--HMGN3', 'HMGB1--UBE4B', 'TESMIN--CDK12', 'SET--NCL', 'PPP1R1B--STARD3', 'NPEPPS--TBC1D3', 'AC022784.1--Z98257.1', 'AC121764.1--WNT5A', 'ERBB2--GRB7', 'SMG1--NPIPB5', 'FBXL20--STAC2', 'NPM1--SET', 'COQ8B--NUMBL', 'EEF1A1--RPL7A', 'ERBB2--FTL', 'EEF1A1--GAPDH', 'H19--FTL', 'NSF--LRRC37A3', 'PTGES2--SLC25A25-AS1', 'INIP--C5', 'AC113414.1--AC121764.1', 'ACE2--PIR', 'EDF1--TPRN', 'HSP90AA1--PTMA', 'PPP1R1B--EIF3D', 'C5--CDC26', 'DNAL1--SAPCD2', 'EEF1D--NAPRT', 'AL139317.3--AC027290.2', 'BSG--NFIC', 'C19MC--GSR', 'KCNK2--PITPNC1', 'LRRC8A--SET', 'QSOX2--RNF165', 'SAPCD2--ZKSCAN1', 'SIDT2--TAGLN', 'CIRBP--FAM174C', 'CLTA--RGP1', 'ERBB2--ACTB', 'FTL--APP', 'GABRD--SLC35E1', 'RPL38--TTYH2', 'WASF3--COL5A1', 'AC006064.6--NCL', 'AC007068.1--NCL', 'AC011473.4--KLK7', 'AP001005.3--PCA3', 'C5--C9ORF170', 'C5--FAM120A', 'C5--NR4A3', 'DDX6--RPL7L1', 'DUS4L--BCAP29', 'EEF1A1--GOLGA4', 'EHMT1--NTNG2', 'ERH--AC092979.1', 'FGFR2--MKNK2', 'GRINA--ASS1', 'HACL1--COLQ', 'KCNK6--PRPF38A', 'KLHDC4--CTSA', 'KRT7--RPS6', 'LHFPL5--CLPSL1', 'MIR3945HG--SAPCD2', 'PANTR1--LCLAT1', 'PVT1--ADCY8', 'RNF213--EEF1A1', 'VWA1--ATAD3C', 'ZNF609--ALDH3A2', 'CARNMT1--C9ORF40', 'CCDC32--CBX3', 'CENPX--DUS1L', 'KRIT1--AC000120.2', 'MED12--NLGN3', 'MED8--ELOVL1', 'NELFB--TOR4A', 'PSMB7--SWI5', 'TKT--ERBB2', 'UBA2--WTIP', 'SET--ANP32E', 'ENSG00000213225--NOC2L', 'DPYD--SEC63', 'ENSG00000234741--MDN1', 'IRAK3--RBMS1', 'LIMS1--LIMS4', 'GNAQ--ENSG00000214077', 'LMTK2--TBC1D5', 'STAU2-AS1--ENSG00000227581', 'ENSG00000234741--GABRB3', 'PPFIA1--MSL1', 'FAT3--SMCHD1', 'MTUS2--NOTCH1', 'ZNF676--ENSG00000198597', 'ENSG00000232368--FTL', 'PCBP3--ENSG00000229986', 'MUC20--ENSG00000236833', 'ENSG00000249026--ETF1', 'ETF1--CTNNA1', 'CDKN2A--CDKN2B-AS1', 'GBA2--CLTA', 'PRUNE2--TUBBP5', 'SHC3--ABCA1', 'NR4A3--GAS2L1P2', 'SWI5--COL5A1']"
1,gcsi,MCF7,0.8,0.075,12,15,148,"['BCAS4--BCAS3', 'RPS6KB1--VMP1', 'ARFGEF2--SULF2', 'AC099850.1--VMP1', 'ADAMTS19--SLC27A6', 'SMARCA4--CARM1', 'MYO9B--FCHO1', 'ATXN7L3--FAM171A2', 'RPS6KB1--DIAPH3', 'PAPOLA--AK7', 'AHCYL1--RAD51C', 'SULF2--PRICKLE2']","['SLC25A24--NBPF6', 'SLC25A24--NBPF4', 'SYTL2--PICALM', 'DEPDC1B--ELOVL7', 'BCAS3--REG4', 'GCN1--MSI1', 'VPS35L--IQCK', 'RSBN1--AP4B1-AS1', 'GIGYF2--EIF4E2', 'NPIPB5--SMG1', 'ATP1A1--ZFP64', 'USP31--CRYL1', 'TTC6--AL121790.1', 'TXLNG--SYAP1', 'TANC2--CA4', 'GATAD2B--NUP210L', 'MYO6--SENP6', 'SMARCC1--EMCN', 'TAF4--BRIP1', 'ESR1--CCDC170', 'GBF1--MACROD2', 'NAV1--GPR37L1', 'PTMA--HSP90AB1', 'RAD51C--ATXN7', 'SPTLC1--AL445231.1', 'NPM1--SET', 'AC011921.1--PLPPR5', 'AP000974.1--SYTL2', 'EEF1D--NAPRT', 'PTMA--PTMS', 'AC103770.1--TMEM64', 'ATXN3--STARD7', 'NPEPPS--TBC1D3', 'SET--ANP32B', 'CTBS--GNG5', 'MTAP--CDKN2B-AS1', 'POP1--MATN2', 'RLN1--RLN2', 'AC010173.1--SLC16A7', 'DDX6--RPL7L1', 'GRHL2--AP001330.1', 'HIPK1--DENND2C', 'HMGB1--SET', 'TMPO--ZNF426', 'WDR72--CCDC162P', 'YWHAE--MYO1C', 'AL133410.1--NPR2', 'FKBP8--PTMA', 'GABRD--SLC35E1', 'HIPK1--ACTB', 'HMGB1--PELP1', 'KRT8--RHOBTB3', 'MACROD2--C14ORF132', 'OS9--NCL', 'PARD6B--BCAS3', 'PDE8A--SCAND2P', 'PTMA--ANP32E', 'RAC1--IGH@', 'RNF125--BRI3BP', 'RSBN1--DCLRE1B', 'SCNN1A--TNFRSF1A', 'AC108721.2--CDT1', 'ATXN7--BCAS3', 'C19MC--SMIM14', 'CACNA1A--TAF13', 'CCDC88C--NAP1L1', 'CENPB--NCL', 'DENND2C--AC005914.1', 'GAS2L3--FGFR1', 'GSR--YIPF6', 'HNRNPUL1--ACTB', 'HUWE1--ACTB', 'KRT8--EMP2', 'KRT8--LRRFIP1', 'KRT8--RPL7A', 'KRT8--SLC7A2', 'LINC01393--MET', 'LINC02506--TPH2', 'NUCKS1--GATA3', 'PLCG1--TOP1', 'PTPA--KRT8', 'RBM6--BCAR1', 'SERPINB9--RIPK1', 'SULF2--ACTB', 'TTBK1--PTMA', 'AC006064.6--PRKCSH', 'AC096647.1--SLC25A24', 'ADGRE2--ADGRE5', 'ATP9A--AL357558.1', 'ATXN7--BCAS1', 'B3GNTL1--SLC9A8', 'GSN--SMIM22', 'HAND2-AS1--LINC02269', 'MAN1A2--CBLN4', 'MCM4--KRT8', 'MORF4L2-AS1--TMEM31', 'NAIP--OCLN', 'PTMA--SUPT6H', 'SET--ANP32E', 'EP300--CREBBP', 'FUNDC2--BRCC3', 'KCND3--PPM1E', 'UBA2--WTIP', 'ENSG00000213225--NOC2L', 'ENSG00000234741--MDN1', 'STIP1--ENSG00000225536', 'ENSG00000123009--NME1-NME2', 'IRAK3--RBMS1', 'RAN--ENSG00000236603', 'MAP2K2--LOC407835', 'GNAQ--ENSG00000214077', 'CCT5--ENSG00000250444', 'ENSG00000250859--HNRNPK', 'SRPK2--NKAIN3', 'VPS13B--ENSG00000198727', 'SEMA4D--ABCA1', 'FBXO42--SZRD1', 'VAV3--RSBN1', 'PDE4DIP--SGF29', 'ENSG00000259349--PLPPR5', 'ATP1A1-AS1--ENSG00000020256', 'ZNF354C--CSDE1', 'BEND7--PRPF18', 'GBF1--ENSG00000172264', 'DSCAML1--TRAPPC4', 'TUBA1C--SLC16A7', 'ENSG00000236603--RAN', 'ENSG00000254349--PCBP2', 'RNF6--FOXO1', 'ENSG00000259087--TTC6', 'FOXA1--TTC6', 'SNX6--RPS19', 'ADAT1--ENSG00000166848', 'TRIM37--RPS6KB1', 'USP32--PPM1D', 'TBX2-AS1--UBE2V1', 'TEX14--PTPRG', 'SLC39A6--ELP2', 'SULF2--ENSG00000171940', 'SULF2--BMP7', 'SULF2--PRICKLE2-AS1', 'DHX30--EMCN', 'RPL30--ENSG00000237676', 'SLC27A6--ADAMTS19-AS1', 'AFF4--HSPA4', 'GRHL2--ENSG00000253282', 'ENSG00000254024--GRHL2', 'RGS3--BRD3']"
1,gcsi,SKBR3,0.6666666666666666,0.25,8,12,24,"['CYTH1--EIF3H', 'SUMF1--LRRFIP2', 'RARA--PKIA', 'CSE1L--AL035685.1', 'CCDC85C--SETD3', 'ANKHD1--PCDH1', 'TATDN1--GSDMB', 'PREX1--CPNE1']","['GSDMB--TATDN1', 'VSTM2L--CTNNBL1', 'SAMD12--MRPL13', 'TRAM1--AC004083.1', 'ATXN3--STARD7', 'TAF2--COLEC10', 'CPNE1--PREX1', 'KPNA6--KHDRBS1', 'AC117386.2--P3H4', 'AL590666.4--RRNAD1', 'TMPO--MRPS33', 'AC005993.1--LINC02562', 'AC018362.1--CCND3', 'CBX3--CCDC32', 'ERBB2--ACTB', 'LINC01393--MET', 'ADK--SAMD8', 'MPRIP--UBB', 'MSMB--NCOA4', 'RCC1--UBE2D2', 'SLC29A1--HSP90AB1', 'CDKN2A--CDKN2B-AS1', 'RPL19--CATIP-AS2', 'CYTH1--ENSG00000147677']"
2,gcsi,BT474,0.8260869565217391,0.6129032258064516,19,23,12,"['RPS6KB1--SNF8', 'ZMYND8--CEP250', 'ACACA--STAC2', 'FAM102A--CIZ1', 'AHCTF1--NAAA', 'TOB1--SYNRG', 'TRPC4AP--MRPL45', 'MED1--ACSF2', 'STARD3--DOK5', 'MED1--STXBP4', 'MED13--BCAS3', 'RAB22A--MYO9B', 'SKA2--MYO19', 'PIP4K2B--RAD51C', 'GLB1--CMTM7', 'USP32--MED1', 'DIDO1--TTI1', 'CPNE1--PI3', 'LAMP1--MCF2L']","['STX16-NPEPL1--RAE1', 'TPM4--SYCE2', 'MEF2D--OR10J1', 'PPP1R12A--MGAT4C', 'TRIM37--MYO19', 'ZFP64--PHACTR3', 'RRM1--TRIM68', 'NVL--ENAH', 'PPP1R9A--WDR66', 'ACSL3--SGPP2', 'FCHSD2--LRTOMT', 'GABRB3--RYR3']"
2,gcsi,KPL4,0.6666666666666666,0.25,2,3,6,"['BSG--NFIX', 'NOTCH1--NUP214']","['URM1--ATP8A2', 'PPP1R12A--SEPTIN10', 'TESMIN--CDK12', 'ERBB2--GRB7', 'INIP--C5', 'C5--NR4A3']"
2,gcsi,MCF7,0.4,0.2608695652173913,6,15,17,"['BCAS4--BCAS3', 'RPS6KB1--VMP1', 'ARFGEF2--SULF2', 'ADAMTS19--SLC27A6', 'SMARCA4--CARM1', 'PAPOLA--AK7']","['SYTL2--PICALM', 'DEPDC1B--ELOVL7', 'BCAS3--REG4', 'GCN1--MSI1', 'RSBN1--AP4B1-AS1', 'GIGYF2--EIF4E2', 'USP31--CRYL1', 'TXLNG--SYAP1', 'TANC2--CA4', 'GATAD2B--NUP210L', 'MYO6--SENP6', 'TAF4--BRIP1', 'ESR1--CCDC170', 'POP1--MATN2', 'HIPK1--DENND2C', 'PLCG1--TOP1', 'MAN1A2--CBLN4']"
2,gcsi,SKBR3,0.25,0.5,3,12,3,"['CYTH1--EIF3H', 'SUMF1--LRRFIP2', 'RARA--PKIA']","['VSTM2L--CTNNBL1', 'SAMD12--MRPL13', 'TAF2--COLEC10']"
