tophat,arriba

ntools,lab,cell,accuracy,precision,#TP,#GT,#FP,TP_list,FP_list
1,gcsi,BT474,0.9130434782608695,0.046255506607929514,21,23,433,"['AHCTF1--NAAA', 'LAMP1--MCF2L', 'SKA2--MYO19', 'ACACA--STAC2', 'TOB1--SYNRG', 'PIP4K2B--RAD51C', 'MED1--ACSF2', 'USP32--MED1', 'MED1--STXBP4', 'RPS6KB1--SNF8', 'MED13--BCAS3', 'TRPC4AP--MRPL45', 'STARD3--DOK5', 'VAPB--IKZF3', 'RAB22A--MYO9B', 'ZMYND8--CEP250', 'CPNE1--PI3', 'DIDO1--TTI1', 'GLB1--CMTM7', 'FAM102A--CIZ1', 'STX16--RAE1']","['ENSG00000248527--CCT3', 'ENO1--EDARADD', 'CASZ1--TNFRSF8', 'IPO13--CCDC24', 'SMYD3--ENSG00000143420', 'MEF2D--OR10J1', 'KDM5B--DNAH14', 'NVL--ENAH', 'ENSG00000229344--HSP90AA1', 'HNRNPCL1--HNRNPC', 'ENSG00000248527--ARL6IP1', 'ENSG00000198744--FUS', 'ENSG00000225630--RPL23', 'ENSG00000233328--PFN1', 'ENSG00000213225--NOC2L', 'ZC3H11A--CNOT6L', 'FAM89A--RNF4', 'ENSG00000244192--RPL11', 'DPYD--SEC63', 'HMGN3--ENSG00000227415', 'ENSG00000234741--MDN1', 'ENSG00000248527--RPL8', 'PARP1--RNR2', 'HNRNPU--ENSG00000198938', 'FDPS--ENSG00000215035', 'ENSG00000272734--ADIRF', 'ENSG00000213574--LDHA', 'SCD--ENSG00000226549', 'HNRNPH3--ENSG00000198888', 'HNRNPH3--ENSG00000198712', 'BLOC1S2--ENSG00000236982', 'RRM1--TRIM68', 'ENSG00000176340--COX8A', 'POLA2--MAP3K11', 'NUMA1--FCHSD2', 'FCHSD2--LRTOMT', 'TPT1-AS1--RCN1', 'TSG101--YWHAB', 'YWHAB--TSG101', 'RPS3--ENSG00000228205', 'ENSG00000213121--RPL27A', 'CTNND1--ENSG00000198763', 'PRDX5--RNR2', 'SF1--RNR2', 'RPS6KB2--ENSG00000198804', 'RPS3--ENSG00000198727', 'RPS3--ENSG00000228253', 'STIP1--ENSG00000225536', 'PPP1R12A--MGAT4C', 'MYL6--ENSG00000228118', 'ENSG00000123009--NME1-NME2', 'PDE3A--ANKRD30BL', 'IRAK3--RBMS1', 'RAN--ENSG00000213370', 'RAN--ENSG00000236603', 'PPP1R9A--WDR66', 'PDE3A--RNR2', 'LDHB--RNR2', 'KRT7--RNR2', 'PCBP2--ENSG00000198804', 'PEBP1--ENSG00000198727', 'UBC--RNR2', 'GAPDH--ENSG00000235587', 'KATNAL1--PRDX2', 'ENSG00000230584--CCT5', 'TPT1--ENSG00000214460', 'PABPC1--PABPC3', 'ZFYVE26--RAD51B', 'ENSG00000249004--PRMT5', 'TTC7B--RPS18', 'HSP90AA1--ENSG00000198763', 'GABRB3--RYR3', 'TJP1--ENSG00000229389', 'OTUD7A--LOC100288637', 'NGRN--PERP', 'ENSG00000259696--ADAMTS13', 'ENSG00000259790--ANP32B', 'PKM--ENSG00000198886', 'ETFA--ENSG00000198938', 'ARL6IP1--ENSG00000198899', 'UBB--LASP1', 'TRIM37--MYO19', 'TEX14--HEATR6', 'PTRH2--BCAS3', 'LOC105371849--HEATR6', 'BCAS3--TANC2', 'GCGR--SECTM1', 'PSMB3--ENSG00000225794', 'IKZF3--CBFA2T2', 'RPL19--FAM153CP', 'KRT19--ENSG00000218014', 'FBXL20--GALNT17', 'ENSG00000236496--GPS2', 'PFN1--ENSG00000198712', 'UBB--ENSG00000228253', 'UBB--ENSG00000198727', 'UBB--RNR2', 'UBB--ENSG00000198804', 'ENSG00000198695--UBB', 'CWC25--ENSG00000198763', 'LASP1--ENSG00000198763', 'LASP1--ENSG00000198938', 'LASP1--ENSG00000212907', 'LASP1--ENSG00000198886', 'RPL19--ENSG00000228253', 'RPL19--RNR2', 'RPL19--ENSG00000198899', 'PGAP3--RNR2', 'ORMDL3--ENSG00000228253', 'ORMDL3--RNR2', 'PSMD3--ENSG00000198938', 'KRT19--ENSG00000198804', 'KRT19--ENSG00000198899', 'DYNLL2--RNR2', 'CLTC--RNR2', 'DDX5--ENSG00000228253', 'TPM4--SYCE2', 'ENSG00000233762--RPS15', 'MAP2K2--LOC407835', 'HNRNPM--ENSG00000198899', 'ZNF417--CCNB3', 'LIMS1--LIMS4', 'ACSL3--SGPP2', 'KIF1A--SNED1', 'HADHA--CPE', 'CATIP-AS2--FAM153CP', 'GNAQ--ENSG00000214077', 'IGFBP5--ENSG00000228253', 'IGFBP5--ENSG00000198786', 'NCL--RNR2', 'NCL--ENSG00000198712', 'PTMA--ENSG00000228253', 'HDLBP--ENSG00000210082', 'ESF1--MACROD2', 'CPNE1--WFDC12', 'ADNP-AS1--DPM1', 'ZFP64--PHACTR3', 'STX16-NPEPL1--RAE1', 'CENPB--ENSG00000228253', 'PCNA-AS1--RNR2', 'DYNLRB1--ENSG00000228253', 'DYNLRB1--ENSG00000198888', 'DYNLRB1--ENSG00000198938', 'ATP9A--ENSG00000198804', 'GNAS--ENSG00000198712', 'RPL8--ENSG00000225267', 'MAPK12--MAPK11', 'XBP1--RNR2', 'PARL--ENSG00000217648', 'LMTK2--TBC1D5', 'PCOLCE2--RPL8', 'WDR82--RNR2', 'INPP4B--ENSG00000246448', 'RWDD4--ENSG00000237251', 'RWDD4--SRPK2', 'CCT5--ENSG00000250444', 'RACK1--FER', 'FER--RACK1', 'ENSG00000250859--HNRNPK', 'FAM153CP--ENSG00000198888', 'FAM153CP--ENSG00000198886', 'FAM153CP--ENSG00000198712', 'TUBB--ENSG00000127589', 'ILRUN--ENSG00000228253', 'ENSG00000226278--KMT2C', 'ZNF746--ZNF767P', 'SRPK2--NKAIN3', 'HNRNPA2B1--RNR2', 'HSPB1--ENSG00000230216', 'ENSG00000251191--LOC101929470', 'EPPK1--RECQL4', 'VPS13B--ENSG00000198727', 'COX6C--ENSG00000212907', 'COX6C--RNR2', 'COX6C--ENSG00000198804', 'CYC1--RNR2', 'RPL8--ENSG00000198712', 'RPL8--ENSG00000198938', 'STAU2-AS1--ENSG00000227581', 'ASTN2--ENSG00000231901', 'PTGES2--ENSG00000198899', 'RNR2--ENSG00000209082', 'ENSG00000198886--PGK1', 'THRA--THRA1/BTR', 'BCAS1--B4GALNT2P1', 'BCAS1--B4GALNT2', 'PSEN2--TRAPPC11', 'PSEN2--AC108477.1', 'VAPB--AL499627.1', 'VAPB--MIR1-1HG-AS1', 'KIF1A--AC005237.1', 'TPD52L2--DNAJC5', 'BCAS1--AL357558.1', 'BCAS1--LINC01522', 'ZBED6--CNOT6L', 'ASTN2--AL354754.1', 'RABGAP1L--RPS27P5', 'RABGAP1L--PSEN2', 'CBFA2T2--RPSAP1', 'CBFA2T2--NFATC2', 'THRA--SKAP1', 'SNX25--LINC01353', 'SNX25--LINC01136', 'AC016205.1--TMEM241', 'MGAT4C--OTOGL', 'SDHD--LINC02550', 'FITM2--UQCC1', 'AP002884.3--LINC02550', 'ARRB1--YAP1', 'ARRB1--AP000942.1', 'NCOA2--ZNF704', 'SECTM1--GCGR', 'BCAS3--AC034268.2', 'HEATR6--TEX14', 'BRD4--RFX1', 'AC021193.1--MPZL1', 'NDUFB5P1--MPZL1', 'SCARB2--AL359837.1', 'SCARB2--LARP7P1', 'CBFA2T2--IKZF3', 'PLEKHA6--LINC01680', 'PLEKHA6--AL359081.1', 'USP32--AC034268.2', 'AL109827.1--PI3', 'EDEM2--AL137078.2', 'EDEM2--AL049541.1', 'RB1CC1--PDCL2P2', 'RB1CC1--SPDYC', 'CASZ1--RN7SL649P', 'PLEKHA6--RF00571', 'PLEKHA6--AC018710.1', 'GCNT1P5--GSAP', 'PTPN12--GSAP', 'CYP4F8--ILVBL', 'AC005771.1--CACNG5', 'AC007423.1--CACNG5', 'PPP1R12A--RNU7-106P', 'PPP1R12A--OTOGL', 'BCAS3--AC015923.1', 'FCHSD2--AP000812.5', 'AC025048.4--HEATR6', 'CLIP1--TMEM132B', 'CLIP1--AC005252.2', 'NUSAP1--INO80-AS1', 'CACNB1--CACNB1', 'CACNB1--RPL19', 'RNU7-106P--MGAT4C', 'OTOGL--MGAT4C', 'PWRN1--AC023449.1', 'PWRN1--ATP10A', 'SLC35F3--RNU4-77P', 'SLC35F3--KCNK1', 'TBC1D3P1-DHX40P1--AC005771.1', 'TBC1D3P1-DHX40P1--AC007423.1', 'SLC37A1--LINC00111', 'FAM117A--LINC01524', 'AUTS2--TYW1B', 'ERN1--AC053481.3', 'MEF2D--AL663023.1', 'INPP4B--AC139713.2', 'PHACTR3--AL160413.1', 'PHACTR3--CBLN4', 'LINC00589--AC131254.1', 'PRKCA--CA10', 'PRKCA--LINC01982', 'GOLT1A--RPS27P5', 'GOLT1A--PSEN2', 'FSTL4--SSBP2', 'SNHG14--APBA2', 'HEATR6--OR4D1', 'SLC2A8--TSHZ2', 'AC124312.1--APBA2', 'PLEKHA6--MEF2D', 'AC010326.2--CCNB3', 'ERN1--TBC1D3P1', 'FAM149B1--DHRSX', 'FAM149B1--MIR6089', 'TTC6--MIPOL1', 'RNU6-450P--LINC01476', 'TUBD1--LINC01476', 'ZNF814--CCNB3', 'AL670729.1--ASH1L', 'AC022730.2--ZNF704', 'AC022730.3--ZNF704', 'KCTD1--AQP4', 'TMEM241--AC016205.1', 'TMEM241--LINC01901', 'COX6C--SNX31', 'MVB12A--AC120338.1', 'MVB12A--VCX', 'DDIAS--AC096554.1', 'DDIAS--AHCYP3', 'CADM1--NXPE4', 'CADM1--NXPE2', 'ACSF2--C17orf112', 'ACSF2--MTCO1P40', 'AP000944.2--MAP3K11', 'EPN3--AC091180.5', 'RTF2--RF00322', 'RTF2--LINC01950', 'HEATR6--KCNJ2', 'HEATR6--CALM2P1', 'VWCE--AP001001.2', 'VWCE--AP002001.1', 'TOM1L1--MTCO1P40', 'TOM1L1--AC034268.2', 'SKA2--TRIM37', 'SPECC1L--SPECC1L-ADORA2A', 'BCAS3--PRKCA', 'PCNX3--AP003071.2', 'PCNX3--MYEOV', 'BCAS1--IGF2BP1', 'AL109827.1--WFDC12', 'RBM12--PI3', 'DDX27--RPSAP1', 'DDX27--NFATC2', 'AC005746.1--MED13', 'GRHL2--AP001330.1', 'GRHL2--RNU7-67P', 'ARPC4-TTLL3--SETD5', 'ARPC4--SETD5', 'PTPA--AL160413.1', 'PTPA--CBLN4', 'SCARB2--FMOD', 'RTF2--AC027313.1', 'RTF2--AC114940.1', 'TBC1D3C--ISCA1P3', 'TBC1D3C--AC005951.1', 'TADA2A--AL589743.4', 'SCARB2--PRELP', 'TFAM--TFAM', 'TFAM--BICC1', 'AC015813.6--AC005771.1', 'AC015813.6--AC007423.1', 'NUMA1--SHANK2', 'AL390719.1--AL390719.1', 'EIF4ENIF1--AC129926.2', 'EIF4ENIF1--AC129926.1', 'MAP3K11--AP005233.2', 'CLU--TENM2', 'TTF1--TTF1', 'LRCH3--LRCH3', 'STK4--AL354993.2', 'KCNS1--AL354993.2', 'VWCE--AP002001.2', 'VWCE--GUCY1A2', 'PBRM1--CHDH', 'HS6ST2--RSRC1', 'TOB1-AS1--SYNRG', 'KLHL35--SPCS2', 'GDPD5--SPCS2', 'RBM12--WFDC12', 'FGF3--C11orf80', 'AP007216.1--C11orf80', 'RPRD1B--GID8', 'DDX10--AP003100.1', 'DDX10--AP000802.1', 'AC120114.1--AC120114.1', 'AC120114.1--TMEM219', 'CDK12--HELZ', 'PTRH2--PRKCA', 'CLU--LINC01947', 'CLU--AC091819.2', 'CYP4F3--ILVBL', 'AC110615.1--AC110615.1', 'AC110615.1--PPEF2', 'AC004921.1--GSAP', 'TMEM131L--MND1', 'AUTS2--AUTS2', 'PPP6R3--SHANK2', 'STAU1--ARFGEF2', 'LRRC75A--YWHAB', 'ASTN2--AL160272.1', 'ASTN2--AL160272.2', 'GNL3L--GNL3L', 'PGAM4P1--GNL3L', 'GNL3L--PGAM4P1', 'ZNF33A--EIF3LP3', 'ZNF33A--FXYD6P2', 'ZNF485--ZNF32', 'LETM1--NSD2', 'NSD2--NSD2', 'MTCH2--MED15', 'AC108025.1--CGREF1', 'LINC01248--CGREF1', 'AC091057.6--AC091057.1', 'SPATA6--SLC5A9', 'SPATA6--AL109659.3', 'ZNF124--ZNF670-ZNF695', 'WFDC12--PI3', 'AC008443.2--AL669831.1', 'VHL--VHL', 'VHL--IRAK2', 'ZNF7--COMMD5', 'ZNF7--ZNF250', 'GPR157--CEMIP2', 'AC124312.1--SNRPN', 'FAM219A--DNAI1', 'TJP1--AC111152.1', 'CPNE1--AL049767.1', 'BFSP2-AS1--TMEM108', 'TNFRSF11B--SAMD12-AS1', 'TNFRSF11B--TNFRSF11B', 'ZNF66--AC008739.2', 'ZNF66--ZNF85', 'SLC25A32--BAALC-AS1', 'AC073529.1--MID1', 'ACTR3B--ACTR3B', 'ACTR3B--AC079809.1', 'ATP5MC2P1--AC023509.3', 'ATP5MC2P1--ATF7', 'RAI2--RAI2', 'Z93929.2--RAI2', 'BPIFA2--BPIFA4P', 'ASAP2--MBOAT2', 'TRIM37--BRIP1', 'ETFA--SCAPER', 'EDF1--NPDC1', 'YTHDC2--KCNN2', 'KCNN2--KCNN2', 'SIX2--MIR100HG', 'BCL7A--PPP1R9A', 'XXYLT1--AC068631.1', 'MEF2D--AL606752.1', 'NR1H3--C11orf49', 'KAT6A--PLAT', 'DUXAP8--ACACA', 'ARHGEF38--PPA2', 'MCF2L--TFDP1', 'BCAS3--CDK12', 'YBX1--CBX3', 'VAPB--RAB22A', 'MDN1--GAS5']"
1,gcsi,KPL4,1.0,0.024,3,3,122,"['BSG--NFIX', 'NOTCH1--NUP214', 'PPP1R12A--SEPT10']","['ENSG00000213225--NOC2L', 'DPYD--SEC63', 'ENSG00000234741--MDN1', 'IRAK3--RBMS1', 'LIMS1--LIMS4', 'GNAQ--ENSG00000214077', 'LMTK2--TBC1D5', 'STAU2-AS1--ENSG00000227581', 'ENSG00000234741--GABRB3', 'TESMIN--CDK12', 'PPFIA1--MSL1', 'FAT3--SMCHD1', 'PPP1R12A--SEPTIN10', 'URM1--ATP8A2', 'MTUS2--NOTCH1', 'ERBB2--GRB7', 'ZNF676--ENSG00000198597', 'ENSG00000232368--FTL', 'PCBP3--ENSG00000229986', 'MUC20--ENSG00000236833', 'ENSG00000249026--ETF1', 'ETF1--CTNNA1', 'CDKN2A--CDKN2B-AS1', 'GBA2--CLTA', 'PRUNE2--TUBBP5', 'SHC3--ABCA1', 'NR4A3--GAS2L1P2', 'C5--NR4A3', 'INIP--C5', 'SWI5--COL5A1', 'AC093523.1--C9orf129', 'CTNNA1--ETF1', 'SMCHD1--RPL7AP57', 'SMCHD1--NDUFB11P1', 'RPL7AP57--SMCHD1', 'NDUFB11P1--SMCHD1', 'PCBP3--AP001042.1', 'RNU6ATAC--CACNA1B', 'BX649601.1--CACNA1B', 'FBXL20--STAC2', 'ZNF676--ZNF536', 'NOTCH1--MTUS2', 'TUBBP5--PCA3', 'BRWD1--TEKT4P2', 'NSD2--OR7E43P', 'NSD2--OTOP1', 'BRWD1--AC134878.2', 'BRWD1--ANKRD20A6P', 'C5--FAM120A', 'N4BP2L2--AC069277.1', 'N4BP2L2--GRM7-AS3', 'MSRB3--AC073530.1', 'MSRB3--RAB11AP2', 'DLAT--NXPE2', 'DLAT--RF01293', 'KCNK2--PITPNC1', 'CENPBD1P1--HAVCR1P1', 'CENPBD1P1--ERVK-28', 'C5--CDC26', 'C5--C9orf170', 'WIPF2--AP007216.2', 'WIPF2--AP003555.3', 'CDC14B--AL353764.1', 'CDC14B--ROR2', 'MIR1299--ABCA1', 'FRG1HP--ABCA1', 'NEK6--AL353611.1', 'NEK6--AL353611.2', 'HDLBP--RNU6ATAC19P', 'HDLBP--AC009962.1', 'ZNF571-AS1--ZNF507', 'WASF3--COL5A1', 'C3orf67--FHIT', 'NR4A3--AL392185.1', 'NR4A3--AL354861.2', 'ABCA1--SHC3', 'CHODL--DONSON', 'C9orf129--AC006288.1', 'C9orf129--LINC01613', 'ANO1--MSRB3', 'ANKRD27--HAVCR1P1', 'ANKRD27--ERVK-28', 'CDC26--C9orf170', 'PCBP3--ETS2', 'AP001042.1--AL390962.1', 'AP001042.1--RNA5SP291', 'LINC02159--ATP10B', 'AC093523.1--FAM120A', 'VGLL4--ATG7', 'NUP37--CARSP2', 'NUP37--TRPS1', 'CLTA--RGP1', 'C9orf78--ABCA1', 'CENPX--DUS1L', 'GOLGA2--FCN1', 'EDF1--TPRN', 'AL445531.1--FANCC', 'AL445531.1--PTCH1', 'EHMT1--NTNG2', 'VGLL4--HRH1', 'ZBTB43--MTUS2', 'ZNF98--ZNF98', 'GOLGA2--AL353611.1', 'CENPP--NR4A3', 'NCBP1--FANCC', 'NCBP1--PTCH1', 'NIF3L1--KCTD18', 'ZHX2--ZFPM2', 'INIP--CDC26', 'INIP--NR4A3', 'INIP--C9orf170', 'INIP--FAM120A', 'ZNF782--ZNF510', 'C5--GAS2L1P2', 'XYLT2--ACSF2', 'AC012313.4--ZNF132', 'LRSAM1--RALGPS1', 'ZNF540--ZNF507', 'GSDMC--AC103718.1', 'DPY19L1P1--AVL9', 'PVT1--ADCY8', 'AP000487.1--PPFIA1']"
1,gcsi,MCF7,0.8,0.045283018867924525,12,15,253,"['PAPOLA--AK7', 'RPS6KB1--VMP1', 'BCAS4--BCAS3', 'SMARCA4--CARM1', 'ARFGEF2--SULF2', 'ADAMTS19--SLC27A6', 'AC099850.1--VMP1', 'MYO9B--FCHO1', 'ATXN7L3--FAM171A2', 'SULF2--PRICKLE2', 'AHCYL1--RAD51C', 'RPS6KB1--DIAPH3']","['ENSG00000213225--NOC2L', 'ENSG00000234741--MDN1', 'STIP1--ENSG00000225536', 'ENSG00000123009--NME1-NME2', 'IRAK3--RBMS1', 'RAN--ENSG00000236603', 'MAP2K2--LOC407835', 'GNAQ--ENSG00000214077', 'CCT5--ENSG00000250444', 'ENSG00000250859--HNRNPK', 'SRPK2--NKAIN3', 'VPS13B--ENSG00000198727', 'SEMA4D--ABCA1', 'FBXO42--SZRD1', 'VAV3--RSBN1', 'RSBN1--AP4B1-AS1', 'HIPK1--DENND2C', 'GATAD2B--NUP210L', 'PDE4DIP--SGF29', 'ENSG00000259349--PLPPR5', 'BCAS3--REG4', 'ATP1A1-AS1--ENSG00000020256', 'MAN1A2--CBLN4', 'ZNF354C--CSDE1', 'BEND7--PRPF18', 'GBF1--ENSG00000172264', 'SYTL2--PICALM', 'DSCAML1--TRAPPC4', 'TUBA1C--SLC16A7', 'GCN1--MSI1', 'ENSG00000236603--RAN', 'ENSG00000254349--PCBP2', 'RNF6--FOXO1', 'USP31--CRYL1', 'ENSG00000259087--TTC6', 'FOXA1--TTC6', 'SNX6--RPS19', 'ADAT1--ENSG00000166848', 'TRIM37--RPS6KB1', 'TANC2--CA4', 'USP32--PPM1D', 'TBX2-AS1--UBE2V1', 'TAF4--BRIP1', 'TEX14--PTPRG', 'SLC39A6--ELP2', 'GIGYF2--EIF4E2', 'PLCG1--TOP1', 'SULF2--ENSG00000171940', 'SULF2--BMP7', 'SULF2--PRICKLE2-AS1', 'DHX30--EMCN', 'RPL30--ENSG00000237676', 'DEPDC1B--ELOVL7', 'SLC27A6--ADAMTS19-AS1', 'AFF4--HSPA4', 'MYO6--SENP6', 'ESR1--CCDC170', 'POP1--MATN2', 'GRHL2--ENSG00000253282', 'ENSG00000254024--GRHL2', 'RGS3--BRD3', 'TXLNG--SYAP1', 'ATXN7--AL355306.2', 'ATXN7--AL499605.1', 'ZNF217--SULF2', 'NCOA3--AL499605.1', 'NCOA3--AL596327.1', 'DDX42--SLC2A10', 'DDX42--RN7SKP33', 'VPS35L--IQCK', 'ATP9A--RNU7-92P', 'ATP9A--AL357558.2', 'ASB7--LINC00841', 'ASB7--AL137026.2', 'NCOA3--AL355306.2', 'TTC6--AL121790.1', 'CD180--AC112206.2', 'AC010420.1--AC112206.2', 'GBF1--MACROD2', 'ATP1A1--RNU7-6P', 'ATP1A1--ZFP64', 'SMARCC1--EMCN', 'ADAT1--TERF2IP', 'BCAS3--SNTN', 'BCAS3--AC104162.1', 'PREX1--LINC01754', 'PREX1--RPL35AP', 'RAD51C--ATXN7', 'SLC25A24--NBPF4', 'TRAPPC4--DSCAML1', 'RSBN1--VAV3', 'DENND2C--RNU7-14P', 'DENND2C--AC006076.1', 'SGF29--SEC22B', 'AC025287.1--TERF2IP', 'AGFG1--SCYGR1', 'AGFG1--MIR5703', 'RSRC1--OTOL1', 'RSRC1--AC131211.1', 'BMP7--SULF2', 'MACROD2--C14orf132', 'AC011921.1--AL445433.2', 'BEND7--AL157392.5', 'SPTLC1--AL445231.1', 'ABCA5--PPP4R1L', 'TBL1XR1--RGS17', 'HOOK3--AC024153.1', 'HOOK3--RNU6-472P', 'AC010173.1--SLC16A7', 'SEZ6L2--GPM6A', 'GRHL2--AP001330.1', 'HGSNAT--AC139365.1', 'HGSNAT--RF01518', 'ANO6--AC087311.2', 'ANO6--SYT10', 'SLC25A19--RNU7-6P', 'SLC25A19--ZFP64', 'AC011921.1--PLPPR5', 'TLE1--AL138749.1', 'TLE1--RPS20P25', 'TANC2--TLK2', 'TANC2--AC080038.2', 'CHEK2--Z93930.2', 'GRHL2--AP001330.2', 'PDLIM1--SORBS1', 'BCAS1--AL139351.1', 'BCAS1--LINC00494', 'NAV1--GPR37L1', 'MAN1A2--RNA5SP487', 'LEMD3--AC002375.1', 'TBL1XR1--RNA5SP224', 'HOOK3--RNU6-400P', 'ABCA1--KIAA1324', 'PDE8A--SCAND2P', 'SCAND2P--PDE8A', 'WDR59--TERF2IP', 'WDR59--AC105430.1', 'PARD6B--CADPS', 'PARD6B--AC096915.1', 'UNK--ABCA5', 'UNK--RF00561', 'COQ2--ABRAXAS1', 'NINJ1--DENND1A', 'KIF1B--UBE4B', 'PREP--PREP', 'PREP--Z97206.2', 'RNU6-472P--SLC16A7', 'RF00019--SLC16A7', 'ARHGAP10--PRMT5P1', 'ARHGAP10--EDNRA', 'PBX3--UCK1', 'VAV3--AP4B1-AS1', 'GRN--ATXN7L3', 'NAV1--AL691482.2', 'NAV1--RF00019', 'TOP1--RNA5SP484', 'TOP1--RNU2-52P', 'ATP1A1--AL158073.1', 'ATP1A1--AL353780.1', 'AC103770.1--TMEM64', 'ELP2--SLC39A6', 'SMG6--RTN4RL1', 'CBX5--SENP1', 'TPD52L2--PRELID3BP3', 'TPD52L2--AC005972.3', 'MTAP--CDKN2B-AS1', 'ZNF217--BRIP1', 'PARD6B--BCAS3', 'MTAP--CDKN2A', 'AL355306.2--BCAS1', 'AL499605.1--BCAS1', 'CCDC170--CCDC170', 'PPP4R1L--TBX4', 'PPP4R1L--NACA2', 'TDRKH--PRICKLE2', 'NFATC2--MTG2', 'ATP9A--MTG2', 'NCOA3--ZNF217', 'ZBTB25--AL049869.1', 'SARNP--OLA1P3', 'SARNP--GSTP1P1', 'NCOA3--LINC01661', 'NCOA3--PRMT6', 'RSRC1--TOMM22P6', 'PTPN22--PTPN22', 'TPD52L2--AC068512.1', 'BMP7--AL139351.1', 'BMP7--LINC00494', 'MTAP--AL157937.1', 'AC104162.2--AL355306.2', 'AC104162.2--AL499605.1', 'ATP9A--AL357558.1', 'PBX3--PRRT1B', 'PLOD2--FNDC3B', 'GSN--SMIM22', 'NRP1--RAB18', 'PTGFRN--CRYL1', 'RBM6--BCAR1', 'SZRD1--FBXO42', 'RSBN1--AP4B1', 'LRBA--LRBA', 'DYNC1H1--DYNC1H1', 'GIGYF2--AC073254.1', 'GRHL2--AP001207.3', 'AP001207.3--GRHL2', 'BCAS4--REG4', 'TRIM37--TRIM37', 'ARFGEF1--ARFGEF1', 'HIPK1--RNU7-14P', 'HIPK1--AC006076.1', 'AC244669.2--AC020765.2', 'SGF29--AC244669.2', 'MALRD1--PLXDC2', 'ATP9A--LINC01522', 'ATP9A--AL139351.1', 'ZEB2P1--LDB2', 'HEPHL1--PANX1', 'NECAP2--FBXO42', 'AL445472.1--KLF8', 'KLF8--KLF8', 'TWSG1--ANKRD12', 'ORMDL1--OSGEPL1', 'PKP2--PKP2', 'PKP2--AC087311.1', 'IFT52--PHTF1', 'FAM185A--FBXL13', 'MYLK--HACD2', 'MYLK--MYLK-AS1', 'HOMER1--JMY', 'HOMER1--HOMER1', 'TTC32--LINC01808', 'TTC32--AC019055.1', 'FBXL5--CC2D2A', 'RNF168--PDK3', 'RNF168--AC004656.1', 'RASSF8--SSPN', 'SGPP2--ULK4', 'VPS13B--VPS13B', 'POLE4--POLE4', 'POLE4--TACR1', 'AP001347.1--ANKRD20A11P', 'ARRB1--KLHL35', 'SLC25A25--AL157935.1', 'ANKS1A--UHRF1BP1', 'GIGYF2--EFHD1', 'CENPX--ASPSCR1', 'ATRX--MAGT1', 'WDR37--LARP4B', 'LARP4B--WDR37', 'USP32--PSMD6', 'RSBN1--DCLRE1B', 'PPM1D--APPBP2', 'APPBP2--PPM1D']"
1,gcsi,SKBR3,0.8333333333333334,0.16393442622950818,10,12,51,"['TATDN1--GSDMB', 'RARA--PKIA', 'CYTH1--EIF3H', 'PREX1--CPNE1', 'SUMF1--LRRFIP2', 'CSE1L--AL035685.1', 'ANKHD1--PCDH1', 'KLHDC2--SNTB1', 'CCDC85C--SETD3', 'DHX35--ITCH']","['CDKN2A--CDKN2B-AS1', 'RPL19--CATIP-AS2', 'CYTH1--ENSG00000147677', 'VSTM2L--CTNNBL1', 'SAMD12--MRPL13', 'TAF2--COLEC10', 'TRAM1--AC022730.2', 'TRAM1--AC022730.3', 'TRAM1--CALB1', 'TRAM1--LINC00534', 'ANKHD1-EIF4EBP3--PCDH1', 'DSP--AL355499.1', 'DSP--AL355499.2', 'MB21D2--RTP2', 'KPNA6--KHDRBS1', 'MB21D2--LINC02041', 'MB21D2--SST', 'TRIO--FBXL7', 'KLHDC2--CEP112', 'PIK3R3--LURAP1', 'PIK3R3--RAD54L', 'CSNK2A1--PREX1', 'ACOT11--AL603840.1', 'CARD14--AC062004.1', 'TBC1D31--ZNF704', 'STS--AC120338.1', 'STS--VCX', 'CSE1L--KCNB1', 'HSPBP1--BRSK1', 'NCOA2--CALB1', 'NCOA2--LINC00534', 'MTBP--SAMD12', 'SLC45A4--LINC00824', 'MTMR3--ZMAT5', 'MTMR3--UQCR10', 'SNHG3--UBE2D2', 'AC138646.1--OSGIN2', 'AC100870.1--OSGIN2', 'DIAPH1--AC005740.2', 'DIAPH1--NDFIP1', 'AL358075.4--LURAP1', 'AL358075.4--RAD54L', 'NEMF--CEP112', 'KIAA1324L--GRM3', 'PDE4D--AC008852.1', 'PDE4D--PDE4D', 'RIPK2--OSGIN2', 'SAMD12--EXT1', 'TRIM5--AC104389.4', 'DENND1B--SLAMF1', 'AMZ2--PCAT1']"
2,gcsi,BT474,0.8695652173913043,0.425531914893617,20,23,27,"['AHCTF1--NAAA', 'LAMP1--MCF2L', 'SKA2--MYO19', 'ACACA--STAC2', 'TOB1--SYNRG', 'PIP4K2B--RAD51C', 'MED1--ACSF2', 'USP32--MED1', 'MED1--STXBP4', 'RPS6KB1--SNF8', 'MED13--BCAS3', 'TRPC4AP--MRPL45', 'STARD3--DOK5', 'VAPB--IKZF3', 'RAB22A--MYO9B', 'ZMYND8--CEP250', 'CPNE1--PI3', 'DIDO1--TTI1', 'GLB1--CMTM7', 'FAM102A--CIZ1']","['CASZ1--TNFRSF8', 'IPO13--CCDC24', 'MEF2D--OR10J1', 'KDM5B--DNAH14', 'NVL--ENAH', 'ZC3H11A--CNOT6L', 'RRM1--TRIM68', 'POLA2--MAP3K11', 'NUMA1--FCHSD2', 'FCHSD2--LRTOMT', 'PPP1R12A--MGAT4C', 'PPP1R9A--WDR66', 'ZFYVE26--RAD51B', 'GABRB3--RYR3', 'TRIM37--MYO19', 'PTRH2--BCAS3', 'BCAS3--TANC2', 'FBXL20--GALNT17', 'TPM4--SYCE2', 'ZNF417--CCNB3', 'ACSL3--SGPP2', 'KIF1A--SNED1', 'ESF1--MACROD2', 'CPNE1--WFDC12', 'ZFP64--PHACTR3', 'STX16-NPEPL1--RAE1', 'EPPK1--RECQL4']"
2,gcsi,KPL4,0.6666666666666666,0.25,2,3,6,"['BSG--NFIX', 'NOTCH1--NUP214']","['TESMIN--CDK12', 'PPFIA1--MSL1', 'URM1--ATP8A2', 'NR4A3--GAS2L1P2', 'C5--NR4A3', 'INIP--C5']"
2,gcsi,MCF7,0.4,0.1875,6,15,26,"['PAPOLA--AK7', 'RPS6KB1--VMP1', 'BCAS4--BCAS3', 'SMARCA4--CARM1', 'ARFGEF2--SULF2', 'ADAMTS19--SLC27A6']","['SEMA4D--ABCA1', 'RSBN1--AP4B1-AS1', 'HIPK1--DENND2C', 'GATAD2B--NUP210L', 'BCAS3--REG4', 'MAN1A2--CBLN4', 'BEND7--PRPF18', 'SYTL2--PICALM', 'GCN1--MSI1', 'USP31--CRYL1', 'FOXA1--TTC6', 'TRIM37--RPS6KB1', 'TANC2--CA4', 'USP32--PPM1D', 'TAF4--BRIP1', 'TEX14--PTPRG', 'GIGYF2--EIF4E2', 'PLCG1--TOP1', 'DHX30--EMCN', 'DEPDC1B--ELOVL7', 'AFF4--HSPA4', 'MYO6--SENP6', 'ESR1--CCDC170', 'POP1--MATN2', 'RGS3--BRD3', 'TXLNG--SYAP1']"
2,gcsi,SKBR3,0.4166666666666667,0.625,5,12,3,"['TATDN1--GSDMB', 'RARA--PKIA', 'CYTH1--EIF3H', 'PREX1--CPNE1', 'SUMF1--LRRFIP2']","['VSTM2L--CTNNBL1', 'SAMD12--MRPL13', 'TAF2--COLEC10']"
