ccle,edgren,gcsi,gray,uhn

ndatasets,cell,accuracy,precision,#TP,#GT,#FP,TP_list,FP_list
1,BT474,0.9130434782608695,0.05722070844686648,21,23,346,"['ZMYND8--CEP250', 'RPS6KB1--SNF8', 'ACACA--STAC2', 'STX16--RAE1', 'TOB1--SYNRG', 'MED1--STXBP4', 'RAB22A--MYO9B', 'MED1--ACSF2', 'STARD3--DOK5', 'AHCTF1--NAAA', 'GLB1--CMTM7', 'VAPB--IKZF3', 'TRPC4AP--MRPL45', 'MED13--BCAS3', 'FAM102A--CIZ1', 'USP32--MED1', 'DIDO1--TTI1', 'CPNE1--PI3', 'SKA2--MYO19', 'LAMP1--MCF2L', 'PIP4K2B--RAD51C']","['THRA--THRA1/BTR', 'STX16-NPEPL1--RAE1', 'BCAS1--AL357558.1', 'BCAS1--LINC01522', 'VAPB--AL499627.1', 'VAPB--MIR1-1HG-AS1', 'TPD52L2--DNAJC5', 'PSEN2--TRAPPC11', 'PSEN2--AC108477.1', 'BCAS1--B4GALNT2P1', 'BCAS1--B4GALNT2', 'ZC3H11A--CNOT6L', 'ZBED6--CNOT6L', 'ASTN2--AL354754.1', 'RABGAP1L--RPS27P5', 'RABGAP1L--PSEN2', 'TRIM37--MYO19', 'MEF2D--OR10J1', 'FITM2--UQCC1', 'TPM4--SYCE2', 'PPP6R3--SHANK2', 'PWRN1--AC023449.1', 'PWRN1--ATP10A', 'CBFA2T2--RPSAP1', 'CBFA2T2--NFATC2', 'PPP1R12A--MGAT4C', 'PLEKHA6--RF00571', 'PLEKHA6--AC018710.1', 'ZFP64--PHACTR3', 'BCAS3--AC034268.2', 'AC016205.1--TMEM241', 'NUMA1--FCHSD2', 'AL109827.1--PI3', 'HEATR6--TEX14', 'MGAT4C--OTOGL', 'NCOA2--ZNF704', 'SCARB2--AL359837.1', 'SCARB2--LARP7P1', 'AC021193.1--MPZL1', 'NDUFB5P1--MPZL1', 'RBM12--PI3', 'ZNF185--GABRA3', 'DHX40--AC005771.1', 'DHX40--AC007423.1', 'ARRB1--YAP1', 'ARRB1--AP000942.1', 'PPP1R12A--RNU7-106P', 'PPP1R12A--OTOGL', 'SNX25--LINC01353', 'SNX25--LINC01136', 'FCHSD2--LRTOMT', 'FCHSD2--AP000812.5', 'KAT6A--PLAT', 'PTRH2--BCAS3', 'GABRB3--RYR3', 'PPP1R9A--WDR66', 'CYP4F8--ILVBL', 'CPNE1--WFDC12', 'ERBIN--NLN', 'PRKCA--BCAS3', 'EDEM2--AL137078.2', 'EDEM2--AL049541.1', 'SLC35F3--RNU4-77P', 'SLC35F3--KCNK1', 'SECTM1--GCGR', 'CBFA2T2--IKZF3', 'AL109827.1--WFDC12', 'FBXL20--GALNT17', 'MEF2D--AL663023.1', 'AL670729.1--ASH1L', 'RB1CC1--PDCL2P2', 'RB1CC1--SYVN1', 'RB1CC1--HIGD1AP10', 'PPP1R12A-AS1--PTPRQ', 'AC005771.1--CACNG5', 'AC007423.1--CACNG5', 'PHACTR3--AL160413.1', 'PHACTR3--CBLN4', 'POLA2--MAP3K11', 'AP000944.2--MAP3K11', 'ACSF2--C17orf112', 'ACSF2--MTCO1P40', 'THRA--SKAP1', 'HEATR6--KCNJ2', 'HEATR6--CALM2P1', 'RTF2--RF00322', 'RTF2--LINC01950', 'EPN3--AC091180.5', 'STAU1--ARFGEF2', 'TOM1L1--MTCO1P40', 'TOM1L1--AC034268.2', 'PDCD6--PDCD6', 'KDM5B--DNAH14', 'MAP3K11--AP005233.2', 'GRHL2--AP001330.1', 'GRHL2--RNU7-67P', 'PCNX3--AP003071.2', 'PCNX3--MYEOV', 'BCAS1--IGF2BP1', 'KIF1A--SNED1', 'KIF1A--AC005237.1', 'SKA2--TRIM37', 'RB1CC1--SPDYC', 'EIF4ENIF1--AC129926.2', 'EIF4ENIF1--AC129926.1', 'VWCE--AP001001.2', 'VWCE--AP002001.1', 'AC005746.1--MED13', 'DDX27--RPSAP1', 'DDX27--NFATC2', 'STK4--TSHZ2', 'KCNS1--TSHZ2', 'SLC2A8--TSHZ2', 'STK4--AL109930.1', 'KCNS1--AL109930.1', 'AUTS2--TYW1B', 'ARPC4-TTLL3--SETD5', 'ARPC4--SETD5', 'SCARB2--PRELP', 'ACSF2--TBC1D3P1-DHX40P1', 'ACSF2--DHX40P1', 'PTPA--AL160413.1', 'PTPA--CBLN4', 'INPP4B--AC139713.2', 'TBC1D3P2--ERN1', 'ERN1--TBC1D3P2', 'CDK12--HELZ', 'AC015813.6--AC005771.1', 'AC015813.6--AC007423.1', 'AC022730.2--ZNF704', 'RBM12--WFDC12', 'PTRH2--PRKCA', 'NVL--ENAH', 'CLU--LINC01947', 'CLU--AC091819.2', 'RPRD1B--GID8', 'BRD4--RFX1', 'USP32--AC034268.2', 'BCAS3--TANC2', 'BCAS3--AC015923.1', 'CLU--TENM2', 'NUMA1--SHANK2', 'ERN1--AC053481.3', 'NUP54--MRPL1', 'SCARB2--MRPL1', 'BCL7A--PPP1R9A', 'PDCD6--AHRR', 'AUTS2--AUTS2', 'MED1--C17orf112', 'MED1--MTCO1P40', 'GCNT1P5--GSAP', 'PTPN12--GSAP', 'AC004554.2--ARHGAP6', 'ASTN2--AL160272.1', 'AL391684.1--GOT1', 'BFSP2-AS1--TMEM108', 'RF00019--BCLAF3', 'MAP7D2--BCLAF3', 'TXNL4A--PQLC1', 'AC091057.6--AC091057.1', 'MRPL39--LINC00158', 'MRPL39--AP000221.1', 'ASTN2--AL160272.2', 'KRT8--KRT7', 'CEP250--GDF5', 'PPEF2--CNOT6L', 'FBXO41--RNU6-111P', 'FBXO41--AC074008.2', 'NUP35--LIN28AP1', 'NUP35--CACYBPP2', 'HTD2--PXK', 'GOLT1A--RPS27P5', 'GOLT1A--PSEN2', 'AC073529.1--MID1', 'SNX25--BTG2', 'TADA2A--AL589743.4', 'SEPT4-AS1--BCAS3', 'TRPS1--LINC00536', 'SPINDOC--MYEOV', 'ERP29--MAPKAPK5', 'DNAH14--CNIH3', 'MEF2D--AL606752.1', 'LONP2--ABCC11', 'SDHD--LINC02550', 'AP002884.3--LINC02550', 'ZFYVE26--RAD51B', 'PLEKHA6--LINC01680', 'PLEKHA6--AL359081.1', 'CASZ1--RN7SL649P', 'CASZ1--TNFRSF8', 'RRM1--TRIM68', 'AC025048.4--HEATR6', 'CLIP1--TMEM132B', 'CLIP1--AC005252.2', 'NUSAP1--INO80-AS1', 'CACNB1--CACNB1', 'CACNB1--RPL19', 'RNU7-106P--MGAT4C', 'OTOGL--MGAT4C', 'TBC1D3P1-DHX40P1--AC005771.1', 'TBC1D3P1-DHX40P1--AC007423.1', 'SLC37A1--LINC00111', 'FAM117A--LINC01524', 'LINC00589--AC131254.1', 'PRKCA--CA10', 'PRKCA--LINC01982', 'FSTL4--SSBP2', 'SNHG14--APBA2', 'HEATR6--OR4D1', 'ZNF417--CCNB3', 'AC124312.1--APBA2', 'PLEKHA6--MEF2D', 'AC010326.2--CCNB3', 'ERN1--TBC1D3P1', 'FAM149B1--DHRSX', 'FAM149B1--MIR6089', 'TTC6--MIPOL1', 'RNU6-450P--LINC01476', 'TUBD1--LINC01476', 'ZNF814--CCNB3', 'AC022730.3--ZNF704', 'KCTD1--AQP4', 'TMEM241--AC016205.1', 'TMEM241--LINC01901', 'COX6C--SNX31', 'MVB12A--AC120338.1', 'MVB12A--VCX', 'DDIAS--AC096554.1', 'DDIAS--AHCYP3', 'CADM1--NXPE4', 'CADM1--NXPE2', 'IPO13--CCDC24', 'ESF1--MACROD2', 'SPECC1L--SPECC1L-ADORA2A', 'EPPK1--RECQL4', 'ACSL3--SGPP2', 'BCAS3--PRKCA', 'SCARB2--FMOD', 'RTF2--AC027313.1', 'RTF2--AC114940.1', 'TBC1D3C--ISCA1P3', 'TBC1D3C--AC005951.1', 'TFAM--TFAM', 'TFAM--BICC1', 'AL390719.1--AL390719.1', 'TTF1--TTF1', 'LRCH3--LRCH3', 'STK4--AL354993.2', 'KCNS1--AL354993.2', 'VWCE--AP002001.2', 'VWCE--GUCY1A2', 'PBRM1--CHDH', 'HS6ST2--RSRC1', 'TOB1-AS1--SYNRG', 'KLHL35--SPCS2', 'GDPD5--SPCS2', 'FGF3--C11orf80', 'AP007216.1--C11orf80', 'DDX10--AP003100.1', 'DDX10--AP000802.1', 'AC120114.1--AC120114.1', 'AC120114.1--TMEM219', 'CYP4F3--ILVBL', 'AC110615.1--AC110615.1', 'AC110615.1--PPEF2', 'AC004921.1--GSAP', 'TMEM131L--MND1', 'LRRC75A--YWHAB', 'GNL3L--GNL3L', 'PGAM4P1--GNL3L', 'GNL3L--PGAM4P1', 'ZNF33A--EIF3LP3', 'ZNF33A--FXYD6P2', 'ZNF485--ZNF32', 'LETM1--NSD2', 'NSD2--NSD2', 'MTCH2--MED15', 'AC108025.1--CGREF1', 'LINC01248--CGREF1', 'SPATA6--SLC5A9', 'SPATA6--AL109659.3', 'ZNF124--ZNF670-ZNF695', 'WFDC12--PI3', 'AC008443.2--AL669831.1', 'VHL--VHL', 'VHL--IRAK2', 'ZNF7--COMMD5', 'ZNF7--ZNF250', 'GPR157--CEMIP2', 'AC124312.1--SNRPN', 'FAM219A--DNAI1', 'TJP1--AC111152.1', 'CPNE1--AL049767.1', 'TNFRSF11B--SAMD12-AS1', 'TNFRSF11B--TNFRSF11B', 'ZNF66--AC008739.2', 'ZNF66--ZNF85', 'SLC25A32--BAALC-AS1', 'ACTR3B--ACTR3B', 'ACTR3B--AC079809.1', 'ATP5MC2P1--AC023509.3', 'ATP5MC2P1--ATF7', 'RAI2--RAI2', 'Z93929.2--RAI2', 'BPIFA2--BPIFA4P', 'ASAP2--MBOAT2', 'TRIM37--BRIP1', 'ETFA--SCAPER', 'EDF1--NPDC1', 'YTHDC2--KCNN2', 'KCNN2--KCNN2', 'SIX2--MIR100HG', 'XXYLT1--AC068631.1', 'NR1H3--C11orf49', 'DUXAP8--ACACA', 'ARHGEF38--PPA2', 'MCF2L--TFDP1', 'BCAS3--CDK12', 'YBX1--CBX3', 'VAPB--RAB22A', 'MDN1--GAS5', 'FLNB--COL5A2', 'AC025575.2--PTPRR', 'WWP1--ATP6V0D2', 'WWP1--PSKH2', 'ARFGEF2--STAU1', 'ZSCAN25--CYP3A5', 'ISY1-RAB43--NECTIN1', 'ISY1--NECTIN1', 'AC104692.2--PSPH', 'DHX40P1--AC005771.1', 'DHX40P1--AC007423.1', 'TRIP12--RREB1', 'LRTOMT--FCHSD2', 'BCAS3--ISCA1P3', 'AC138649.1--AC242376.1', 'AC138649.1--AC242376.2', 'GIT2--AC087463.4', 'SLC19A2--KIFAP3', 'EPN3--LUC7L3', 'MED15--MTCH2', 'AC023421.2--SLC14A2', 'LRRC49--RPL5P3', 'LRRC49--THSD4', 'TRPS1--EIF3H', 'THSD4--LRRC49']"
1,KPL4,1.0,0.027777777777777776,3,3,105,"['BSG--NFIX', 'NOTCH1--NUP214', 'PPP1R12A--SEPT10']","['AC093523.1--C9orf129', 'CTNNA1--ETF1', 'SMCHD1--RPL7AP57', 'SMCHD1--NDUFB11P1', 'RPL7AP57--SMCHD1', 'NDUFB11P1--SMCHD1', 'PCBP3--AP001042.1', 'RNU6ATAC--CACNA1B', 'BX649601.1--CACNA1B', 'TESMIN--CDK12', 'FBXL20--STAC2', 'ZNF676--ZNF536', 'INIP--C5', 'URM1--ATP8A2', 'NOTCH1--MTUS2', 'TUBBP5--PCA3', 'BRWD1--TEKT4P2', 'NSD2--OR7E43P', 'NSD2--OTOP1', 'BRWD1--AC134878.2', 'BRWD1--ANKRD20A6P', 'NR4A3--GAS2L1P2', 'C5--FAM120A', 'N4BP2L2--AC069277.1', 'N4BP2L2--GRM7-AS3', 'MSRB3--AC073530.1', 'MSRB3--RAB11AP2', 'C5--NR4A3', 'DLAT--NXPE2', 'DLAT--RF01293', 'KCNK2--PITPNC1', 'CENPBD1P1--HAVCR1P1', 'CENPBD1P1--ERVK-28', 'C5--CDC26', 'C5--C9orf170', 'WIPF2--AP007216.2', 'WIPF2--AP003555.3', 'CDC14B--AL353764.1', 'CDC14B--ROR2', 'MIR1299--ABCA1', 'FRG1HP--ABCA1', 'NEK6--AL353611.1', 'NEK6--AL353611.2', 'HDLBP--RNU6ATAC19P', 'HDLBP--AC009962.1', 'ZNF571-AS1--ZNF507', 'WASF3--COL5A1', 'C3orf67--FHIT', 'NR4A3--AL392185.1', 'NR4A3--AL354861.2', 'ABCA1--SHC3', 'CHODL--DONSON', 'C9orf129--AC006288.1', 'C9orf129--LINC01613', 'ANO1--MSRB3', 'ANKRD27--HAVCR1P1', 'ANKRD27--ERVK-28', 'CDC26--C9orf170', 'PCBP3--ETS2', 'AP001042.1--AL390962.1', 'AP001042.1--RNA5SP291', 'LINC02159--ATP10B', 'AC093523.1--FAM120A', 'VGLL4--ATG7', 'NUP37--CARSP2', 'NUP37--TRPS1', 'CLTA--RGP1', 'C9orf78--ABCA1', 'CENPX--DUS1L', 'PPFIA1--MSL1', 'GOLGA2--FCN1', 'EDF1--TPRN', 'AL445531.1--FANCC', 'AL445531.1--PTCH1', 'EHMT1--NTNG2', 'VGLL4--HRH1', 'ZBTB43--MTUS2', 'ZNF98--ZNF98', 'GOLGA2--AL353611.1', 'CENPP--NR4A3', 'NCBP1--FANCC', 'NCBP1--PTCH1', 'NIF3L1--KCTD18', 'ZHX2--ZFPM2', 'INIP--CDC26', 'INIP--NR4A3', 'INIP--C9orf170', 'INIP--FAM120A', 'ZNF782--ZNF510', 'C5--GAS2L1P2', 'XYLT2--ACSF2', 'AC012313.4--ZNF132', 'LRSAM1--RALGPS1', 'ZNF540--ZNF507', 'GSDMC--AC103718.1', 'DPY19L1P1--AVL9', 'PVT1--ADCY8', 'AP000487.1--PPFIA1', 'MTRNR2L8--MTRNR2L1', 'MUC20-OT1--MUC20P1', 'MUC20-OT1--AC233280.19', 'MUC20--MUC20P1', 'MUC20--AC233280.19', 'RBMX--RBMXL1', 'AKR1B10P1--AKR1B10P2']"
1,MCF7,0.8666666666666667,0.02832244008714597,13,15,446,"['BCAS4--BCAS3', 'RPS6KB1--VMP1', 'ARFGEF2--SULF2', 'PAPOLA--AK7', 'SMARCA4--CARM1', 'ADAMTS19--SLC27A6', 'AC099850.1--VMP1', 'MYO9B--FCHO1', 'ATXN7L3--FAM171A2', 'SULF2--PRICKLE2', 'AHCYL1--RAD51C', 'MYH9--EIF3D', 'RPS6KB1--DIAPH3']","['FOXA1--TTC6', 'NCOA3--AL499605.1', 'NCOA3--AL596327.1', 'ZNF217--SULF2', 'ATXN7--AL355306.2', 'ATXN7--AL499605.1', 'TBX2-AS1--UBE2V1', 'TBX2-AS1--TMEM189-UBE2V1', 'TANC2--CA4', 'TXLNG--SYAP1', 'GCN1--MSI1', 'DEPDC1B--ELOVL7', 'DDX42--SLC2A10', 'DDX42--RN7SKP33', 'NCOA3--AL355306.2', 'POP1--MATN2', 'TEX14--PTPRG', 'ATP9A--RNU7-92P', 'ATP9A--AL357558.2', 'TPD52L2--PRELID3BP3', 'TPD52L2--AC005972.3', 'RSBN1--AP4B1-AS1', 'USP32--PPM1D', 'NCOA3--LINC01661', 'NCOA3--PRMT6', 'TAF4--BRIP1', 'TRAPPC4--DSCAML1', 'MYO6--SENP6', 'FBRSL1--AC079031.2', 'FBRSL1--FBRSL1', 'USP32--APPBP2', 'NAV1--GPR37L1', 'ATP9A--LINC01522', 'ATP9A--AL139351.1', 'GRHL2--AP001207.3', 'AP001207.3--GRHL2', 'PREX1--LINC01754', 'PREX1--RPL35AP', 'ABCA5--PPP4R1L', 'BCAS3--SNTN', 'BCAS3--AC104162.1', 'ESR1--CCDC170', 'TOP1--RNA5SP484', 'TOP1--RNU2-52P', 'SULF2--SULF2', 'RNU7-173P--SULF2', 'NAV1--AL691482.2', 'NAV1--RF00019', 'BCAS1--AL139351.1', 'BCAS1--LINC00494', 'UNK--ABCA5', 'UNK--RF00561', 'TBL1XR1--RGS17', 'GATAD2B--NUP210L', 'DHX30--EMCN', 'AC011921.1--PLPPR5', 'TTC6--AL121790.1', 'RAD51C--ATXN7', 'AC023055.1--OLA1P3', 'AC023055.1--GSTP1P1', 'SARNP--OLA1P3', 'SARNP--GSTP1P1', 'RSBN1--AP4B1', 'PKP2--PKP2', 'PKP2--AC087311.1', 'PRPF18--BEND7', 'BEND7--PRPF18', 'ARRB1--KLHL35', 'LEMD3--AC002375.1', 'TRIM37--RPS6KB1', 'TRIM33--TRIM33', 'CD180--AC112206.2', 'AC010420.1--AC112206.2', 'BCAS3--ATXN7', 'ANO6--AC087311.2', 'ANO6--SYT10', 'RSRC1--AC131211.1', 'RSRC1--TOMM22P6', 'PAWR--AC073569.2', 'RSBN1--VAV3', 'AL157392.5--BEND7', 'PDE8A--SCAND2P', 'SMARCC1--EMCN', 'RSRC1--OTOL1', 'SLC25A19--RNU7-6P', 'SLC25A19--ZFP64', 'HOOK3--AC024153.1', 'HOOK3--RNU6-472P', 'AC010173.1--SLC16A7', 'ATP1A1--ZFP64', 'CHEK2--Z93930.2', 'UBE2E2--LINC02005', 'ZBTB38--IFT122', 'KRT18P35--IFT122', 'AL355306.2--BCAS1', 'AL499605.1--BCAS1', 'DDHD1--AL365295.1', 'COQ2--ABRAXAS1', 'AC011921.1--AL445433.2', 'TAOK1--NUFIP2', 'DENND2C--RNU7-14P', 'DENND2C--AC006076.1', 'B3GNTL1--SLC9A8', 'RSBN1--DCLRE1B', 'NHP2--FAM153C', 'AC136632.2--FAM153C', 'PARD6B--CADPS', 'PARD6B--AC096915.1', 'RIPOR3--EYA2', 'PTPRG--SNTN', 'PTPRG--AC104162.1', 'SGF29--SEC22B', 'TEX14--CYP24A1', 'TEX14--PFDN4', 'AP001347.1--ANKRD20A11P', 'SGPP2--ULK4', 'MB21D2--FGF12', 'TBL1XR1--RNA5SP224', 'KCND3--PPM1E', 'PTPRG--ITPRID1', 'ATXN7--BCAS1', 'AC109361.2--TBCK', 'SS18L1--MTG2', 'SS18L1--HRH3', 'VTCN1--VTCN1', 'RF00017--VTCN1', 'PPP4R1L--TBX4', 'PPP4R1L--NACA2', 'BCAS4--ZMYND8', 'NR4A2--GPD2', 'GPD2--GPD2', 'ELP2--SLC39A6', 'SLC39A6--ELP2', 'EIF3H--RAD21', 'TEX14--PTPRT', 'ELP2--RNA5-8SN2', 'ELP2--RPSAP68', 'AL450990.1--KCTD3', 'KCTD3--KCTD3', 'MTAP--CDKN2B-AS1', 'MYH9--AL022313.1', 'MYH9--AL022313.3', 'ATP1A1--AL158073.1', 'ATP1A1--AL353780.1', 'BMP7--SULF2', 'GATAD2A--MAU2', 'ATP1A1--RNU7-6P', 'ZBTB25--AL049869.1', 'BCAS4--LINC01441', 'NFATC2--MTG2', 'ATP9A--MTG2', 'SARNP--MMP19', 'AC023055.1--MMP19', 'NCOA3--ZNF217', 'HIPK1--DENND2C', 'PDCD6--PDCD6', 'ANKS1A--UHRF1BP1', 'NCOA3--AC005808.1', 'FNDC3B--PLOD2', 'AL138749.1--AL138749.1', 'RPS20P25--AL138749.1', 'DPY19L4P1--SH3BP5L', 'SH3BP5L--SH3BP5L', 'FTX--FTX', 'LDAH--LDAH', 'LDAH--AC012361.1', 'SYTL2--PICALM', 'SYNPR--AMPD1', 'SNTN--AMPD1', 'PTPRG-AS1--PTPRG', 'MYH9--LINC01532', 'MYH9--UQCRFS1', 'PLCG1--TOP1', 'USP31--CRYL1', 'PSMD6--BCAS1', 'PRICKLE2-AS1--BCAS1', 'VAV3--AP4B1-AS1', 'GSN--SMIM22', 'BMP7--PRICKLE2-AS1', 'TDRKH--PRICKLE2', 'FBXW8--FBXW8', 'FBXW8--TESC', 'AL137856.1--PTPN22', 'FNDC3B--AC107021.1', 'RNU6-472P--SLC16A7', 'RF00019--SLC16A7', 'TIMM44--PTDSS2', 'ELAVL1--PTDSS2', 'HOOK3--RNU6-400P', 'AC138393.1--FBXO28', 'AC138393.2--FBXO28', 'SZRD1--FBXO42', 'MTAP--CDKN2A', 'DYNC1H1--DYNC1H1', 'TRIM37--TRIM37', 'ARFGEF1--ARFGEF1', 'NAV1--ELF3', 'NAV1--AL691482.1', 'PDCD6--AHRR', 'FAM185A--FBXL13', 'AL445472.1--KLF8', 'KLF8--KLF8', 'FRG1HP--DUX4L50', 'AC103770.1--TMEM64', 'ADAM9--ADAM32', 'TIMM23B--AGAP6', 'PNPLA7--DPH7', 'SLC5A4P1--OR8A1', 'OR8D1--OR8A1', 'AC100801.1--ATP6V0D2', 'AC016956.1--SYT10', 'RNU6-400P--SYT10', 'CST9--CST9L', 'ZEB2P1--LDB2', 'AC091057.6--AC091057.1', 'AC110285.6--TMEM105', 'ARL1--UTP20', 'IFT52--PHTF1', 'TRMT11--PPP1R14BP5', 'TRMT11--CENPW', 'DUSP16--AC092824.1', 'DUSP16--CREBL2', 'CCDC171--CCDC171', 'SLC2A13--SLC2A13', 'DNAJC15--DNAJC15', 'DNAJC15--LINC00400', 'AP3S1--LVRN', 'KCNK2--AL450990.1', 'UBXN2A--MFSD2B', 'SIPA1L3--SIPA1L3', 'HIPK1--RNU7-14P', 'HIPK1--AC006076.1', 'YAF2--GXYLT1', 'GNA13--AMZ2P1', 'GNA13--GNA13', 'ZMYND8--USP32', 'PRIM2--PRIM2', 'PRIM2--AL021368.3', 'ZADH2--AC015819.4', 'ZADH2--ZADH2', 'LYPLAL1--AL360093.1', 'LYPLAL1--AC096642.1', 'PROSER2-AS1--PROSER2-AS1', 'VPS35L--IQCK', 'AC073508.1--KRT24', 'RNU6-5P--SCRN3', 'ZNF66--AC008739.2', 'ZNF66--ZNF85', 'CTCF--SERINC2', 'AP3D1--PACS2', 'FAM49B--ASAP1', 'ADAMTS19--ISOC1', 'SART3--CORO1C', 'UBE2V1--TBX2', 'SEPT9--SEC14L1', 'CHEK2--XBP1', 'SETBP1--SLC14A2', 'AC140504.1--ABCC1', 'C16orf45--ABCC1', 'SLAIN2--POMT1', 'LEMD3--CCDC63', 'ATP9A--AL357558.1', 'ZBTB25--AL049869.2', 'BAG1--PPP4C', 'CNOT1--GOT2', 'LINC00052--EIF3E', 'RNF121--NUMA1', 'NUMA1--RNF121', 'NRDC--OSBPL9', 'TUBG2--TUBG1', 'ZNF337--ZNF337-AS1', 'SARNP--DNAJC14', 'BCAS3--REG4', 'ASB7--LINC00841', 'ASB7--AL137026.2', 'GIGYF2--EIF4E2', 'GBF1--MACROD2', 'ADAT1--TERF2IP', 'SLC25A24--NBPF4', 'RGS3--BRD3', 'AFF4--HSPA4', 'AC025287.1--TERF2IP', 'AGFG1--SCYGR1', 'AGFG1--MIR5703', 'MACROD2--C14orf132', 'BEND7--AL157392.5', 'SEMA4D--ABCA1', 'SPTLC1--AL445231.1', 'MAN1A2--CBLN4', 'SEZ6L2--GPM6A', 'GRHL2--AP001330.1', 'HGSNAT--AC139365.1', 'HGSNAT--RF01518', 'TLE1--AL138749.1', 'TLE1--RPS20P25', 'TANC2--TLK2', 'TANC2--AC080038.2', 'GRHL2--AP001330.2', 'PDLIM1--SORBS1', 'MAN1A2--RNA5SP487', 'ABCA1--KIAA1324', 'SCAND2P--PDE8A', 'WDR59--TERF2IP', 'WDR59--AC105430.1', 'NINJ1--DENND1A', 'KIF1B--UBE4B', 'PREP--PREP', 'PREP--Z97206.2', 'ARHGAP10--PRMT5P1', 'ARHGAP10--EDNRA', 'PBX3--UCK1', 'GRN--ATXN7L3', 'SMG6--RTN4RL1', 'CBX5--SENP1', 'ZNF217--BRIP1', 'PARD6B--BCAS3', 'CCDC170--CCDC170', 'PTPN22--PTPN22', 'TPD52L2--AC068512.1', 'BMP7--AL139351.1', 'BMP7--LINC00494', 'MTAP--AL157937.1', 'AC104162.2--AL355306.2', 'AC104162.2--AL499605.1', 'PBX3--PRRT1B', 'PLOD2--FNDC3B', 'NRP1--RAB18', 'PTGFRN--CRYL1', 'RBM6--BCAR1', 'LRBA--LRBA', 'GIGYF2--AC073254.1', 'BCAS4--REG4', 'AC244669.2--AC020765.2', 'SGF29--AC244669.2', 'MALRD1--PLXDC2', 'HEPHL1--PANX1', 'NECAP2--FBXO42', 'TWSG1--ANKRD12', 'ORMDL1--OSGEPL1', 'MYLK--HACD2', 'MYLK--MYLK-AS1', 'HOMER1--JMY', 'HOMER1--HOMER1', 'TTC32--LINC01808', 'TTC32--AC019055.1', 'FBXL5--CC2D2A', 'RNF168--PDK3', 'RNF168--AC004656.1', 'RASSF8--SSPN', 'VPS13B--VPS13B', 'POLE4--POLE4', 'POLE4--TACR1', 'SLC25A25--AL157935.1', 'GIGYF2--EFHD1', 'CENPX--ASPSCR1', 'ATRX--MAGT1', 'WDR37--LARP4B', 'LARP4B--WDR37', 'USP32--PSMD6', 'PPM1D--APPBP2', 'APPBP2--PPM1D', 'MKRN1--CLDN15', 'HACD2--MYLK', 'LINC02169--FTO', 'IRX3--FTO', 'COP1--ASTN1', 'PAPSS2--MINPP1', 'PAPSS2--AL138767.2', 'LARGE1--Z68323.1', 'LARGE1--AL021877.1', 'RNFT2--AUTS2', 'ABCA5--ITGB4', 'AC010173.1--RNU6-472P', 'AC010173.1--RF00019', 'LARGE1--AL021877.2', 'SULF2--ZNF217', 'DOT1L--AP3D1', 'RPS6KB1--CLTC', 'AC119150.1--RNF187', 'AC119150.1--BTNL10', 'SYCP2--MLX', 'CLNS1A--ALG8', 'DHX30--AP001961.1', 'CDKN2A--MTAP', 'BHLHB9--LINC00630', 'ABCA12--ABCA12', 'AC073284.1--ABCA12', 'RNF31--CARMIL3', 'AL136295.5--CARMIL3', 'YTHDF2--TRNAU1AP', 'PPM1D--USP32', 'LRP1B--PLXDC1', 'BPTF--PITPNC1', 'AL499605.1--NCOA3', 'AL596327.1--NCOA3', 'NDFIP2--BCAS2P3', 'NDFIP2--RBM26', 'MFSD4B--AMD1', 'BRD3--RGS3', 'PCBP2--ATF7', 'DNAJB6--UBE3C', 'FNIP1--MEIKIN', 'FNIP1--AC026398.1', 'AC008695.1--MEIKIN', 'AC008695.1--AC026398.1', 'GREB1--LINC00570', 'VAV3--AL137856.1', 'BMP7--PSMD6', 'MED16--TMEM259', 'NPEPPS--EFCAB13', 'BCAS3--AMPD1', 'TBX2-AS1--LINC01750', 'TBX2-AS1--AL445426.1', 'RN7SKP13--TENM3', 'AC098864.1--TENM3', 'MTG2--NFATC2', 'MTG2--ATP9A', 'RARG--TARBP2', 'ILF3--ILF3', 'VAV3--AP4B1', 'MIR4713HG--GLDN', 'AC020765.2--AC244669.2', 'RF02271--EMCN', 'MZB1--DNAJC18', 'KIAA1324--SEMA4D', 'AL590666.4--RRNAD1', 'VAV3--PTPN22', 'AC013444.1--KYNU', 'KYNU--KYNU', 'AC005037.1--NIF3L1', 'KANK1--ME2P1', 'KANK1--LINC01242', 'AL360181.3--SCART1', 'ADAMTS9-AS2--AL157414.1', 'LINC02208--LINC02147', 'NFATC2--IGSF3', 'TNFAIP8--HSD17B4', 'RNA5SP190--HSD17B4', 'BMP7--PTPRT', 'EVL--EML1', 'SHISA9--AC010333.1', 'DHX40--LRIF1', 'ERCC6L--ZNF185', 'ERMP1--KIAA2026', 'UBXN4--R3HDM1', 'CRYL1--GP2']"
1,SKBR3,0.8333333333333334,0.05128205128205128,10,12,185,"['CYTH1--EIF3H', 'TATDN1--GSDMB', 'SUMF1--LRRFIP2', 'CSE1L--AL035685.1', 'PREX1--CPNE1', 'ANKHD1--PCDH1', 'CCDC85C--SETD3', 'RARA--PKIA', 'KLHDC2--SNTB1', 'DHX35--ITCH']","['TRAM1--AC022730.2', 'TRAM1--AC022730.3', 'CPNE1--PREX1', 'DSP--AL355499.1', 'DSP--AL355499.2', 'ANKHD1-EIF4EBP3--PCDH1', 'SMG5--SMG5', 'TAF2--COLEC10', 'STAU1--TOX2', 'VSTM2L--CTNNBL1', 'ATAD5--TLK2', 'PBRM1--WDR82', 'TBC1D31--ZNF704', 'KPNA6--KHDRBS1', 'MB21D2--RTP2', 'GALNT1--SMAD2', 'GALNT1--ZBTB7C', 'TRIO--FBXL7', 'PVT1--LINC00536', 'SLC45A4--LINC00824', 'MB21D2--LINC02041', 'MB21D2--SST', 'ABCB9--ACOT13', 'KLHDC2--CEP112', 'MECOM--LMCD1-AS1', 'TBC1D31--SLC30A8', 'SCAF1--ALDH16A1', 'IMPDH1P8--MBNL1', 'GALNT15--MBNL1', 'BLOC1S6--AKAP13', 'AC090527.2--AKAP13', 'IQSEC1--IMPDH1P8', 'IQSEC1--GALNT15', 'RPTOR--RNF213', 'AC011477.1--MTSS1', 'MTSS1--AC034114.2', 'AC025881.1--ZHX2', 'CARSP2--ZHX2', 'NOL8--OMD', 'SNRNP48--AL390026.1', 'SNRNP48--BMP6', 'MYO5B--CFAP53', 'SGK2--AL139351.1', 'SGK2--LINC00494', 'NCOA2--CALB1', 'NCOA2--LINC00534', 'SAMD12--MRPL13', 'CSE1L--KCNB1', 'AC138646.1--OSGIN2', 'AC100870.1--OSGIN2', 'TRAM1--CALB1', 'TRAM1--LINC00534', 'MTBP--SAMD12', 'AMZ2--PCAT1', 'AMZ2--POU5F1B', 'AMZ2--CASC8', 'STS--AC120338.1', 'STS--VCX', 'TRAM1--REXO1L11P', 'TRAM1--NCOA2', 'KRT8--KRT7', 'EIF2B5--AC092941.1', 'EIF2B5--AC022498.1', 'ACOT8--WASH3P', 'PLCD4--CXCR2', 'PREX1--AL139351.1', 'PREX1--LINC00494', 'NEMF--CEP112', 'DIAPH1--AC005740.2', 'DIAPH1--NDFIP1', 'SAMD12-AS1--COLEC10', 'AC098487.1--SLC39A8', 'TRAPPC12--COLEC11', 'AC091057.6--AC091057.1', 'MPZL2--AP001582.1', 'MPZL2--CD3D', 'VTCN1--PIK3CA', 'KRT8--KRT85', 'PTPRG-AS1--PTPRG', 'XYLT1--XYLT1', 'AC109495.1--XYLT1', 'DEPDC1B--PDE4D', 'PLXDC1--MTBP', 'NDUFB2--AC118553.2', 'NDUFB2--MFSD14A', 'DUS1L--CCDC57', 'TRAM1--LACTB2', 'FNDC3B--PDCD10', 'ACOT11--AL603840.1', 'EIF2B5--LINC01991', 'PPA2--TBCK', 'TBCK--PPA2', 'PAPSS1--PPA2', 'PLOD1--PLOD3', 'SLC30A7--SRSF11', 'TPD52L1--HDDC2', 'AC092042.3--PDE4D', 'CAPN1--CAPN2', 'PRCC--NAXE', 'PRKAR1B--DNAAF5', 'PSMA3-AS1--PSMA3', 'SUPT6H--KIAA0100', 'KIAA0100--SUPT6H', 'ST3GAL4--DCPS', 'PIK3R3--LURAP1', 'PIK3R3--RAD54L', 'CSNK2A1--PREX1', 'CARD14--AC062004.1', 'HSPBP1--BRSK1', 'MTMR3--ZMAT5', 'MTMR3--UQCR10', 'SNHG3--UBE2D2', 'AL358075.4--LURAP1', 'AL358075.4--RAD54L', 'KIAA1324L--GRM3', 'PDE4D--AC008852.1', 'PDE4D--PDE4D', 'RIPK2--OSGIN2', 'SAMD12--EXT1', 'TRIM5--AC104389.4', 'DENND1B--SLAMF1', 'MTRNR2L8--MTRNR2L1', 'MTRNR2L10--MTRNR2L1', 'DIAPH1--GNPDA1', 'HMGA1--HMGA1P5', 'TDRP--FBXO25', 'ATP11A--TUBGCP3', 'LAMA5--PTP4A2', 'ATP5F1A--CUL4A', 'NOC2L--ARID1A', 'ACACB--HDAC11', 'SCAMP2--ARHGEF2', 'EFEMP1--EPPK1', 'TMPO-AS1--SLC27A3', 'WBP11--MIA2', 'ATP6V1B2--DHX30', 'ARHGEF35--NEURL4', 'TTK--PI4KA', 'ABT1--MICALL2', 'PUS7--PRMT7', 'CFAP73--TPCN1', 'UBQLN4--TENT2', 'NAA60--SRPK1', 'TBL3--NDFIP1', 'ABCB6--SNX4', 'TEN1--HNRNPU', 'TEN1-CDK3--HNRNPU', 'PHF14--METTL7A', 'CNPY2--TNPO2', 'COX7C--KCTD10', 'ZSWIM8--SMAD6', 'SPTY2D1--RETREG2', 'AC068946.2--SNX4', 'ATP5MC3--WDR55', 'EIF3G--ATP5F1D', 'LGALS8--EDARADD', 'NF1--RNF135', 'RAD51B--SEMA6D', 'SEMA6D--RAD51B', 'IQSEC1--MBNL1', 'MIR2052HG--CRISPLD1', 'MIR2052HG--AC022274.1', 'AC093515.1--SLC12A4', 'AC018767.2--SLC12A4', 'AL590666.4--RRNAD1', 'TRAM1--REXO1L12P', 'RANBP10--PSKH1', 'TNFRSF11B--COLEC10', 'TNS3--TNS3', 'LINC01447--TNS3', 'CYP2G1P--CYP2A7', 'CYP2A7P2--CYP2A7', 'TRAM1--REXO1L8P', 'TRAM1--REXO1L3P', 'RNF152--AC105094.2', 'SAMD12-AS1--TNFRSF11B', 'TNFRSF11B--TNFRSF11B', 'RNF152--AC090409.1', 'MED15--MTCH2', 'RAB9A--OFD1', 'USP37--STK36', 'SH3TC2--FBXO38', 'PPP2R2D--AL162274.3', 'PPP2R2D--JAKMIP3', 'TSPAN14--ZNF268']"
2,BT474,0.9130434782608695,0.11538461538461539,21,23,161,"['ZMYND8--CEP250', 'RPS6KB1--SNF8', 'ACACA--STAC2', 'STX16--RAE1', 'TOB1--SYNRG', 'MED1--STXBP4', 'RAB22A--MYO9B', 'MED1--ACSF2', 'STARD3--DOK5', 'AHCTF1--NAAA', 'GLB1--CMTM7', 'VAPB--IKZF3', 'TRPC4AP--MRPL45', 'MED13--BCAS3', 'FAM102A--CIZ1', 'USP32--MED1', 'DIDO1--TTI1', 'CPNE1--PI3', 'SKA2--MYO19', 'LAMP1--MCF2L', 'PIP4K2B--RAD51C']","['THRA--THRA1/BTR', 'STX16-NPEPL1--RAE1', 'BCAS1--AL357558.1', 'BCAS1--LINC01522', 'VAPB--AL499627.1', 'VAPB--MIR1-1HG-AS1', 'TPD52L2--DNAJC5', 'PSEN2--TRAPPC11', 'PSEN2--AC108477.1', 'BCAS1--B4GALNT2P1', 'BCAS1--B4GALNT2', 'ZC3H11A--CNOT6L', 'ZBED6--CNOT6L', 'ASTN2--AL354754.1', 'RABGAP1L--RPS27P5', 'RABGAP1L--PSEN2', 'TRIM37--MYO19', 'MEF2D--OR10J1', 'FITM2--UQCC1', 'TPM4--SYCE2', 'PPP6R3--SHANK2', 'PWRN1--AC023449.1', 'PWRN1--ATP10A', 'CBFA2T2--RPSAP1', 'CBFA2T2--NFATC2', 'PPP1R12A--MGAT4C', 'PLEKHA6--RF00571', 'PLEKHA6--AC018710.1', 'ZFP64--PHACTR3', 'BCAS3--AC034268.2', 'AC016205.1--TMEM241', 'NUMA1--FCHSD2', 'AL109827.1--PI3', 'HEATR6--TEX14', 'MGAT4C--OTOGL', 'NCOA2--ZNF704', 'SCARB2--AL359837.1', 'SCARB2--LARP7P1', 'AC021193.1--MPZL1', 'NDUFB5P1--MPZL1', 'RBM12--PI3', 'ZNF185--GABRA3', 'DHX40--AC005771.1', 'DHX40--AC007423.1', 'ARRB1--YAP1', 'ARRB1--AP000942.1', 'PPP1R12A--RNU7-106P', 'PPP1R12A--OTOGL', 'SNX25--LINC01353', 'SNX25--LINC01136', 'FCHSD2--LRTOMT', 'FCHSD2--AP000812.5', 'KAT6A--PLAT', 'PTRH2--BCAS3', 'GABRB3--RYR3', 'PPP1R9A--WDR66', 'CYP4F8--ILVBL', 'CPNE1--WFDC12', 'ERBIN--NLN', 'PRKCA--BCAS3', 'EDEM2--AL137078.2', 'EDEM2--AL049541.1', 'SLC35F3--RNU4-77P', 'SLC35F3--KCNK1', 'SECTM1--GCGR', 'CBFA2T2--IKZF3', 'AL109827.1--WFDC12', 'FBXL20--GALNT17', 'MEF2D--AL663023.1', 'AL670729.1--ASH1L', 'RB1CC1--PDCL2P2', 'AC005771.1--CACNG5', 'AC007423.1--CACNG5', 'PHACTR3--AL160413.1', 'PHACTR3--CBLN4', 'POLA2--MAP3K11', 'AP000944.2--MAP3K11', 'ACSF2--C17orf112', 'ACSF2--MTCO1P40', 'THRA--SKAP1', 'HEATR6--KCNJ2', 'HEATR6--CALM2P1', 'RTF2--RF00322', 'RTF2--LINC01950', 'EPN3--AC091180.5', 'STAU1--ARFGEF2', 'TOM1L1--MTCO1P40', 'TOM1L1--AC034268.2', 'KDM5B--DNAH14', 'MAP3K11--AP005233.2', 'GRHL2--AP001330.1', 'GRHL2--RNU7-67P', 'PCNX3--AP003071.2', 'PCNX3--MYEOV', 'BCAS1--IGF2BP1', 'KIF1A--SNED1', 'KIF1A--AC005237.1', 'SKA2--TRIM37', 'RB1CC1--SPDYC', 'EIF4ENIF1--AC129926.2', 'EIF4ENIF1--AC129926.1', 'VWCE--AP001001.2', 'VWCE--AP002001.1', 'AC005746.1--MED13', 'DDX27--RPSAP1', 'DDX27--NFATC2', 'STK4--TSHZ2', 'SLC2A8--TSHZ2', 'AUTS2--TYW1B', 'ARPC4-TTLL3--SETD5', 'ARPC4--SETD5', 'SCARB2--PRELP', 'ACSF2--TBC1D3P1-DHX40P1', 'ACSF2--DHX40P1', 'PTPA--AL160413.1', 'PTPA--CBLN4', 'INPP4B--AC139713.2', 'CDK12--HELZ', 'AC015813.6--AC005771.1', 'AC015813.6--AC007423.1', 'AC022730.2--ZNF704', 'RBM12--WFDC12', 'PTRH2--PRKCA', 'NVL--ENAH', 'CLU--LINC01947', 'CLU--AC091819.2', 'RPRD1B--GID8', 'BRD4--RFX1', 'USP32--AC034268.2', 'BCAS3--TANC2', 'BCAS3--AC015923.1', 'CLU--TENM2', 'NUMA1--SHANK2', 'ERN1--AC053481.3', 'BCL7A--PPP1R9A', 'AUTS2--AUTS2', 'GCNT1P5--GSAP', 'PTPN12--GSAP', 'ASTN2--AL160272.1', 'BFSP2-AS1--TMEM108', 'AC091057.6--AC091057.1', 'ASTN2--AL160272.2', 'CEP250--GDF5', 'GOLT1A--RPS27P5', 'GOLT1A--PSEN2', 'AC073529.1--MID1', 'TADA2A--AL589743.4', 'SEPT4-AS1--BCAS3', 'MEF2D--AL606752.1', 'SDHD--LINC02550', 'AP002884.3--LINC02550', 'PLEKHA6--LINC01680', 'PLEKHA6--AL359081.1', 'AC025048.4--HEATR6', 'OTOGL--MGAT4C', 'FAM117A--LINC01524', 'FSTL4--SSBP2', 'AC022730.3--ZNF704', 'RAI2--RAI2', 'Z93929.2--RAI2', 'ARFGEF2--STAU1']"
2,KPL4,1.0,0.15,3,3,17,"['BSG--NFIX', 'NOTCH1--NUP214', 'PPP1R12A--SEPT10']","['AC093523.1--C9orf129', 'SMCHD1--RPL7AP57', 'SMCHD1--NDUFB11P1', 'RNU6ATAC--CACNA1B', 'BX649601.1--CACNA1B', 'ZNF676--ZNF536', 'INIP--C5', 'NSD2--OR7E43P', 'NSD2--OTOP1', 'C5--FAM120A', 'C5--C9orf170', 'WASF3--COL5A1', 'C9orf78--ABCA1', 'CENPX--DUS1L', 'EHMT1--NTNG2', 'INIP--CDC26', 'DPY19L1P1--AVL9']"
2,MCF7,0.8666666666666667,0.06735751295336788,13,15,180,"['BCAS4--BCAS3', 'RPS6KB1--VMP1', 'ARFGEF2--SULF2', 'PAPOLA--AK7', 'SMARCA4--CARM1', 'ADAMTS19--SLC27A6', 'AC099850.1--VMP1', 'MYO9B--FCHO1', 'ATXN7L3--FAM171A2', 'SULF2--PRICKLE2', 'AHCYL1--RAD51C', 'MYH9--EIF3D', 'RPS6KB1--DIAPH3']","['FOXA1--TTC6', 'NCOA3--AL499605.1', 'NCOA3--AL596327.1', 'ZNF217--SULF2', 'ATXN7--AL355306.2', 'ATXN7--AL499605.1', 'TANC2--CA4', 'TXLNG--SYAP1', 'GCN1--MSI1', 'DEPDC1B--ELOVL7', 'DDX42--SLC2A10', 'DDX42--RN7SKP33', 'NCOA3--AL355306.2', 'POP1--MATN2', 'TEX14--PTPRG', 'ATP9A--RNU7-92P', 'ATP9A--AL357558.2', 'TPD52L2--PRELID3BP3', 'TPD52L2--AC005972.3', 'RSBN1--AP4B1-AS1', 'USP32--PPM1D', 'NCOA3--LINC01661', 'NCOA3--PRMT6', 'TAF4--BRIP1', 'TRAPPC4--DSCAML1', 'MYO6--SENP6', 'FBRSL1--AC079031.2', 'FBRSL1--FBRSL1', 'NAV1--GPR37L1', 'ATP9A--LINC01522', 'ATP9A--AL139351.1', 'GRHL2--AP001207.3', 'AP001207.3--GRHL2', 'PREX1--LINC01754', 'PREX1--RPL35AP', 'ABCA5--PPP4R1L', 'BCAS3--SNTN', 'BCAS3--AC104162.1', 'ESR1--CCDC170', 'TOP1--RNA5SP484', 'TOP1--RNU2-52P', 'SULF2--SULF2', 'RNU7-173P--SULF2', 'NAV1--AL691482.2', 'NAV1--RF00019', 'BCAS1--AL139351.1', 'BCAS1--LINC00494', 'UNK--ABCA5', 'UNK--RF00561', 'TBL1XR1--RGS17', 'GATAD2B--NUP210L', 'DHX30--EMCN', 'AC011921.1--PLPPR5', 'TTC6--AL121790.1', 'RAD51C--ATXN7', 'SARNP--OLA1P3', 'SARNP--GSTP1P1', 'RSBN1--AP4B1', 'PKP2--PKP2', 'PKP2--AC087311.1', 'BEND7--PRPF18', 'ARRB1--KLHL35', 'LEMD3--AC002375.1', 'TRIM37--RPS6KB1', 'CD180--AC112206.2', 'AC010420.1--AC112206.2', 'BCAS3--ATXN7', 'ANO6--AC087311.2', 'ANO6--SYT10', 'RSRC1--AC131211.1', 'RSRC1--TOMM22P6', 'PAWR--AC073569.2', 'RSBN1--VAV3', 'PDE8A--SCAND2P', 'SMARCC1--EMCN', 'RSRC1--OTOL1', 'SLC25A19--RNU7-6P', 'SLC25A19--ZFP64', 'HOOK3--AC024153.1', 'HOOK3--RNU6-472P', 'AC010173.1--SLC16A7', 'ATP1A1--ZFP64', 'CHEK2--Z93930.2', 'UBE2E2--LINC02005', 'AL355306.2--BCAS1', 'AL499605.1--BCAS1', 'COQ2--ABRAXAS1', 'AC011921.1--AL445433.2', 'DENND2C--RNU7-14P', 'DENND2C--AC006076.1', 'RSBN1--DCLRE1B', 'PARD6B--CADPS', 'PARD6B--AC096915.1', 'SGF29--SEC22B', 'AP001347.1--ANKRD20A11P', 'SGPP2--ULK4', 'TBL1XR1--RNA5SP224', 'KCND3--PPM1E', 'PPP4R1L--TBX4', 'PPP4R1L--NACA2', 'ELP2--SLC39A6', 'EIF3H--RAD21', 'MTAP--CDKN2B-AS1', 'ATP1A1--AL158073.1', 'ATP1A1--AL353780.1', 'BMP7--SULF2', 'ATP1A1--RNU7-6P', 'ZBTB25--AL049869.1', 'BCAS4--LINC01441', 'NFATC2--MTG2', 'ATP9A--MTG2', 'SARNP--MMP19', 'AC023055.1--MMP19', 'NCOA3--ZNF217', 'HIPK1--DENND2C', 'ANKS1A--UHRF1BP1', 'NCOA3--AC005808.1', 'FNDC3B--PLOD2', 'SYTL2--PICALM', 'MYH9--LINC01532', 'MYH9--UQCRFS1', 'PLCG1--TOP1', 'USP31--CRYL1', 'VAV3--AP4B1-AS1', 'GSN--SMIM22', 'BMP7--PRICKLE2-AS1', 'TDRKH--PRICKLE2', 'AL137856.1--PTPN22', 'RNU6-472P--SLC16A7', 'RF00019--SLC16A7', 'HOOK3--RNU6-400P', 'SZRD1--FBXO42', 'MTAP--CDKN2A', 'DYNC1H1--DYNC1H1', 'TRIM37--TRIM37', 'ARFGEF1--ARFGEF1', 'NAV1--ELF3', 'NAV1--AL691482.1', 'FAM185A--FBXL13', 'AL445472.1--KLF8', 'KLF8--KLF8', 'AC103770.1--TMEM64', 'PNPLA7--DPH7', 'SLC5A4P1--OR8A1', 'OR8D1--OR8A1', 'ZEB2P1--LDB2', 'IFT52--PHTF1', 'HIPK1--RNU7-14P', 'HIPK1--AC006076.1', 'VPS35L--IQCK', 'AC073508.1--KRT24', 'FAM49B--ASAP1', 'AC140504.1--ABCC1', 'C16orf45--ABCC1', 'ATP9A--AL357558.1', 'BCAS3--REG4', 'GIGYF2--EIF4E2', 'AFF4--HSPA4', 'AGFG1--SCYGR1', 'AGFG1--MIR5703', 'BEND7--AL157392.5', 'SEMA4D--ABCA1', 'SPTLC1--AL445231.1', 'MAN1A2--CBLN4', 'MAN1A2--RNA5SP487', 'ABCA1--KIAA1324', 'NINJ1--DENND1A', 'ARHGAP10--EDNRA', 'PBX3--UCK1', 'ZNF217--BRIP1', 'TPD52L2--AC068512.1', 'PBX3--PRRT1B', 'RBM6--BCAR1', 'SGF29--AC244669.2', 'MALRD1--PLXDC2', 'ORMDL1--OSGEPL1', 'POLE4--TACR1', 'SULF2--ZNF217', 'CDKN2A--MTAP', 'BRD3--RGS3']"
2,SKBR3,0.8333333333333334,0.15625,10,12,54,"['CYTH1--EIF3H', 'TATDN1--GSDMB', 'SUMF1--LRRFIP2', 'CSE1L--AL035685.1', 'PREX1--CPNE1', 'ANKHD1--PCDH1', 'CCDC85C--SETD3', 'RARA--PKIA', 'KLHDC2--SNTB1', 'DHX35--ITCH']","['TRAM1--AC022730.2', 'TRAM1--AC022730.3', 'CPNE1--PREX1', 'DSP--AL355499.1', 'DSP--AL355499.2', 'ANKHD1-EIF4EBP3--PCDH1', 'SMG5--SMG5', 'TAF2--COLEC10', 'STAU1--TOX2', 'VSTM2L--CTNNBL1', 'ATAD5--TLK2', 'PBRM1--WDR82', 'TBC1D31--ZNF704', 'KPNA6--KHDRBS1', 'MB21D2--RTP2', 'GALNT1--SMAD2', 'GALNT1--ZBTB7C', 'TRIO--FBXL7', 'PVT1--LINC00536', 'SLC45A4--LINC00824', 'MB21D2--LINC02041', 'MB21D2--SST', 'ABCB9--ACOT13', 'KLHDC2--CEP112', 'MECOM--LMCD1-AS1', 'IMPDH1P8--MBNL1', 'GALNT15--MBNL1', 'IQSEC1--IMPDH1P8', 'IQSEC1--GALNT15', 'RPTOR--RNF213', 'AC025881.1--ZHX2', 'CARSP2--ZHX2', 'NCOA2--CALB1', 'NCOA2--LINC00534', 'SAMD12--MRPL13', 'CSE1L--KCNB1', 'AC138646.1--OSGIN2', 'AC100870.1--OSGIN2', 'TRAM1--CALB1', 'TRAM1--LINC00534', 'MTBP--SAMD12', 'AMZ2--PCAT1', 'STS--AC120338.1', 'STS--VCX', 'TRAM1--REXO1L11P', 'EIF2B5--AC092941.1', 'EIF2B5--AC022498.1', 'ACOT8--WASH3P', 'NEMF--CEP112', 'DIAPH1--AC005740.2', 'DIAPH1--NDFIP1', 'SAMD12-AS1--COLEC10', 'ACOT11--AL603840.1', 'EIF2B5--LINC01991']"
3,BT474,0.8695652173913043,0.16666666666666666,20,23,100,"['ZMYND8--CEP250', 'RPS6KB1--SNF8', 'ACACA--STAC2', 'STX16--RAE1', 'TOB1--SYNRG', 'MED1--STXBP4', 'RAB22A--MYO9B', 'MED1--ACSF2', 'STARD3--DOK5', 'AHCTF1--NAAA', 'GLB1--CMTM7', 'VAPB--IKZF3', 'TRPC4AP--MRPL45', 'MED13--BCAS3', 'FAM102A--CIZ1', 'USP32--MED1', 'DIDO1--TTI1', 'CPNE1--PI3', 'SKA2--MYO19', 'PIP4K2B--RAD51C']","['THRA--THRA1/BTR', 'STX16-NPEPL1--RAE1', 'BCAS1--AL357558.1', 'BCAS1--LINC01522', 'VAPB--AL499627.1', 'VAPB--MIR1-1HG-AS1', 'TPD52L2--DNAJC5', 'PSEN2--TRAPPC11', 'PSEN2--AC108477.1', 'BCAS1--B4GALNT2P1', 'BCAS1--B4GALNT2', 'ZC3H11A--CNOT6L', 'ZBED6--CNOT6L', 'ASTN2--AL354754.1', 'RABGAP1L--RPS27P5', 'RABGAP1L--PSEN2', 'TRIM37--MYO19', 'MEF2D--OR10J1', 'FITM2--UQCC1', 'TPM4--SYCE2', 'PPP6R3--SHANK2', 'PWRN1--AC023449.1', 'PWRN1--ATP10A', 'CBFA2T2--RPSAP1', 'CBFA2T2--NFATC2', 'PPP1R12A--MGAT4C', 'PLEKHA6--RF00571', 'PLEKHA6--AC018710.1', 'BCAS3--AC034268.2', 'AC016205.1--TMEM241', 'NUMA1--FCHSD2', 'AL109827.1--PI3', 'HEATR6--TEX14', 'MGAT4C--OTOGL', 'NCOA2--ZNF704', 'SCARB2--AL359837.1', 'SCARB2--LARP7P1', 'AC021193.1--MPZL1', 'NDUFB5P1--MPZL1', 'RBM12--PI3', 'ZNF185--GABRA3', 'ARRB1--YAP1', 'ARRB1--AP000942.1', 'SNX25--LINC01353', 'SNX25--LINC01136', 'FCHSD2--LRTOMT', 'FCHSD2--AP000812.5', 'KAT6A--PLAT', 'PTRH2--BCAS3', 'GABRB3--RYR3', 'PPP1R9A--WDR66', 'CPNE1--WFDC12', 'SECTM1--GCGR', 'CBFA2T2--IKZF3', 'AL109827.1--WFDC12', 'FBXL20--GALNT17', 'MEF2D--AL663023.1', 'AL670729.1--ASH1L', 'RB1CC1--PDCL2P2', 'AC005771.1--CACNG5', 'AC007423.1--CACNG5', 'POLA2--MAP3K11', 'AP000944.2--MAP3K11', 'ACSF2--C17orf112', 'ACSF2--MTCO1P40', 'THRA--SKAP1', 'HEATR6--KCNJ2', 'HEATR6--CALM2P1', 'EPN3--AC091180.5', 'TOM1L1--MTCO1P40', 'TOM1L1--AC034268.2', 'KDM5B--DNAH14', 'GRHL2--AP001330.1', 'GRHL2--RNU7-67P', 'SKA2--TRIM37', 'RB1CC1--SPDYC', 'SLC2A8--TSHZ2', 'ARPC4-TTLL3--SETD5', 'ARPC4--SETD5', 'SCARB2--PRELP', 'INPP4B--AC139713.2', 'AC015813.6--AC005771.1', 'AC015813.6--AC007423.1', 'AC022730.2--ZNF704', 'RBM12--WFDC12', 'PTRH2--PRKCA', 'NVL--ENAH', 'BRD4--RFX1', 'USP32--AC034268.2', 'BCAS3--TANC2', 'BCAS3--AC015923.1', 'ERN1--AC053481.3', 'ASTN2--AL160272.1', 'ASTN2--AL160272.2', 'TADA2A--AL589743.4', 'SDHD--LINC02550', 'AP002884.3--LINC02550', 'PLEKHA6--LINC01680', 'PLEKHA6--AL359081.1', 'AC025048.4--HEATR6']"
3,KPL4,0.0,0,0,3,0,[],[]
3,MCF7,0.8,0.09448818897637795,12,15,115,"['BCAS4--BCAS3', 'RPS6KB1--VMP1', 'ARFGEF2--SULF2', 'PAPOLA--AK7', 'SMARCA4--CARM1', 'ADAMTS19--SLC27A6', 'AC099850.1--VMP1', 'MYO9B--FCHO1', 'ATXN7L3--FAM171A2', 'SULF2--PRICKLE2', 'AHCYL1--RAD51C', 'RPS6KB1--DIAPH3']","['FOXA1--TTC6', 'NCOA3--AL499605.1', 'NCOA3--AL596327.1', 'ZNF217--SULF2', 'ATXN7--AL355306.2', 'ATXN7--AL499605.1', 'TANC2--CA4', 'TXLNG--SYAP1', 'GCN1--MSI1', 'DEPDC1B--ELOVL7', 'DDX42--SLC2A10', 'DDX42--RN7SKP33', 'NCOA3--AL355306.2', 'POP1--MATN2', 'TEX14--PTPRG', 'ATP9A--RNU7-92P', 'ATP9A--AL357558.2', 'TPD52L2--PRELID3BP3', 'TPD52L2--AC005972.3', 'RSBN1--AP4B1-AS1', 'USP32--PPM1D', 'TAF4--BRIP1', 'TRAPPC4--DSCAML1', 'MYO6--SENP6', 'FBRSL1--AC079031.2', 'FBRSL1--FBRSL1', 'NAV1--GPR37L1', 'ATP9A--LINC01522', 'ATP9A--AL139351.1', 'GRHL2--AP001207.3', 'AP001207.3--GRHL2', 'PREX1--LINC01754', 'PREX1--RPL35AP', 'ABCA5--PPP4R1L', 'BCAS3--SNTN', 'BCAS3--AC104162.1', 'ESR1--CCDC170', 'TOP1--RNA5SP484', 'TOP1--RNU2-52P', 'NAV1--AL691482.2', 'NAV1--RF00019', 'BCAS1--AL139351.1', 'BCAS1--LINC00494', 'UNK--ABCA5', 'UNK--RF00561', 'TBL1XR1--RGS17', 'GATAD2B--NUP210L', 'DHX30--EMCN', 'AC011921.1--PLPPR5', 'RAD51C--ATXN7', 'PKP2--PKP2', 'PKP2--AC087311.1', 'BEND7--PRPF18', 'ARRB1--KLHL35', 'LEMD3--AC002375.1', 'TRIM37--RPS6KB1', 'CD180--AC112206.2', 'AC010420.1--AC112206.2', 'BCAS3--ATXN7', 'ANO6--AC087311.2', 'ANO6--SYT10', 'RSRC1--AC131211.1', 'RSRC1--TOMM22P6', 'RSBN1--VAV3', 'PDE8A--SCAND2P', 'SMARCC1--EMCN', 'RSRC1--OTOL1', 'SLC25A19--RNU7-6P', 'SLC25A19--ZFP64', 'HOOK3--AC024153.1', 'HOOK3--RNU6-472P', 'AC010173.1--SLC16A7', 'ATP1A1--ZFP64', 'CHEK2--Z93930.2', 'AL355306.2--BCAS1', 'AL499605.1--BCAS1', 'AC011921.1--AL445433.2', 'DENND2C--RNU7-14P', 'DENND2C--AC006076.1', 'PARD6B--CADPS', 'PARD6B--AC096915.1', 'SGF29--SEC22B', 'AP001347.1--ANKRD20A11P', 'TBL1XR1--RNA5SP224', 'PPP4R1L--TBX4', 'PPP4R1L--NACA2', 'EIF3H--RAD21', 'MTAP--CDKN2B-AS1', 'ATP1A1--AL158073.1', 'ATP1A1--AL353780.1', 'ATP1A1--RNU7-6P', 'ZBTB25--AL049869.1', 'NFATC2--MTG2', 'ATP9A--MTG2', 'NCOA3--ZNF217', 'HIPK1--DENND2C', 'ANKS1A--UHRF1BP1', 'SYTL2--PICALM', 'PLCG1--TOP1', 'USP31--CRYL1', 'VAV3--AP4B1-AS1', 'GSN--SMIM22', 'TDRKH--PRICKLE2', 'RNU6-472P--SLC16A7', 'RF00019--SLC16A7', 'SZRD1--FBXO42', 'MTAP--CDKN2A', 'DYNC1H1--DYNC1H1', 'ARFGEF1--ARFGEF1', 'SLC5A4P1--OR8A1', 'OR8D1--OR8A1', 'ZEB2P1--LDB2', 'IFT52--PHTF1', 'VPS35L--IQCK', 'BEND7--AL157392.5']"
3,SKBR3,0.8333333333333334,0.2631578947368421,10,12,28,"['CYTH1--EIF3H', 'TATDN1--GSDMB', 'SUMF1--LRRFIP2', 'CSE1L--AL035685.1', 'PREX1--CPNE1', 'ANKHD1--PCDH1', 'CCDC85C--SETD3', 'RARA--PKIA', 'KLHDC2--SNTB1', 'DHX35--ITCH']","['TRAM1--AC022730.2', 'TRAM1--AC022730.3', 'DSP--AL355499.1', 'DSP--AL355499.2', 'ANKHD1-EIF4EBP3--PCDH1', 'TAF2--COLEC10', 'VSTM2L--CTNNBL1', 'ATAD5--TLK2', 'TBC1D31--ZNF704', 'MB21D2--RTP2', 'TRIO--FBXL7', 'PVT1--LINC00536', 'MB21D2--LINC02041', 'MB21D2--SST', 'ABCB9--ACOT13', 'KLHDC2--CEP112', 'NCOA2--CALB1', 'NCOA2--LINC00534', 'SAMD12--MRPL13', 'CSE1L--KCNB1', 'AC138646.1--OSGIN2', 'AC100870.1--OSGIN2', 'STS--AC120338.1', 'STS--VCX', 'NEMF--CEP112', 'DIAPH1--AC005740.2', 'DIAPH1--NDFIP1', 'ACOT11--AL603840.1']"
4,BT474,0.782608695652174,0.225,18,23,62,"['ZMYND8--CEP250', 'RPS6KB1--SNF8', 'ACACA--STAC2', 'STX16--RAE1', 'TOB1--SYNRG', 'MED1--STXBP4', 'RAB22A--MYO9B', 'MED1--ACSF2', 'STARD3--DOK5', 'AHCTF1--NAAA', 'GLB1--CMTM7', 'VAPB--IKZF3', 'TRPC4AP--MRPL45', 'MED13--BCAS3', 'FAM102A--CIZ1', 'DIDO1--TTI1', 'CPNE1--PI3', 'PIP4K2B--RAD51C']","['THRA--THRA1/BTR', 'STX16-NPEPL1--RAE1', 'VAPB--AL499627.1', 'VAPB--MIR1-1HG-AS1', 'TPD52L2--DNAJC5', 'PSEN2--TRAPPC11', 'PSEN2--AC108477.1', 'BCAS1--B4GALNT2P1', 'BCAS1--B4GALNT2', 'ZC3H11A--CNOT6L', 'ZBED6--CNOT6L', 'ASTN2--AL354754.1', 'RABGAP1L--RPS27P5', 'RABGAP1L--PSEN2', 'TRIM37--MYO19', 'MEF2D--OR10J1', 'PPP6R3--SHANK2', 'PWRN1--AC023449.1', 'PWRN1--ATP10A', 'CBFA2T2--RPSAP1', 'CBFA2T2--NFATC2', 'PPP1R12A--MGAT4C', 'PLEKHA6--RF00571', 'PLEKHA6--AC018710.1', 'BCAS3--AC034268.2', 'AC016205.1--TMEM241', 'NUMA1--FCHSD2', 'AL109827.1--PI3', 'HEATR6--TEX14', 'MGAT4C--OTOGL', 'NCOA2--ZNF704', 'SCARB2--LARP7P1', 'AC021193.1--MPZL1', 'NDUFB5P1--MPZL1', 'ZNF185--GABRA3', 'ARRB1--YAP1', 'ARRB1--AP000942.1', 'SNX25--LINC01353', 'SNX25--LINC01136', 'FCHSD2--LRTOMT', 'FCHSD2--AP000812.5', 'KAT6A--PLAT', 'PTRH2--BCAS3', 'GABRB3--RYR3', 'CBFA2T2--IKZF3', 'FBXL20--GALNT17', 'RB1CC1--PDCL2P2', 'POLA2--MAP3K11', 'AP000944.2--MAP3K11', 'ACSF2--C17orf112', 'ACSF2--MTCO1P40', 'THRA--SKAP1', 'KDM5B--DNAH14', 'RB1CC1--SPDYC', 'ARPC4-TTLL3--SETD5', 'ARPC4--SETD5', 'PTRH2--PRKCA', 'BRD4--RFX1', 'USP32--AC034268.2', 'BCAS3--TANC2', 'BCAS3--AC015923.1', 'TADA2A--AL589743.4']"
4,KPL4,0.0,0,0,3,0,[],[]
4,MCF7,0.8,0.14634146341463414,12,15,70,"['BCAS4--BCAS3', 'RPS6KB1--VMP1', 'ARFGEF2--SULF2', 'PAPOLA--AK7', 'SMARCA4--CARM1', 'ADAMTS19--SLC27A6', 'AC099850.1--VMP1', 'MYO9B--FCHO1', 'ATXN7L3--FAM171A2', 'SULF2--PRICKLE2', 'AHCYL1--RAD51C', 'RPS6KB1--DIAPH3']","['FOXA1--TTC6', 'NCOA3--AL499605.1', 'NCOA3--AL596327.1', 'ATXN7--AL355306.2', 'ATXN7--AL499605.1', 'TANC2--CA4', 'TXLNG--SYAP1', 'GCN1--MSI1', 'DEPDC1B--ELOVL7', 'DDX42--SLC2A10', 'DDX42--RN7SKP33', 'POP1--MATN2', 'ATP9A--RNU7-92P', 'ATP9A--AL357558.2', 'TPD52L2--PRELID3BP3', 'TPD52L2--AC005972.3', 'RSBN1--AP4B1-AS1', 'USP32--PPM1D', 'TAF4--BRIP1', 'TRAPPC4--DSCAML1', 'MYO6--SENP6', 'FBRSL1--AC079031.2', 'FBRSL1--FBRSL1', 'NAV1--GPR37L1', 'ATP9A--LINC01522', 'ATP9A--AL139351.1', 'AP001207.3--GRHL2', 'PREX1--LINC01754', 'PREX1--RPL35AP', 'ABCA5--PPP4R1L', 'BCAS3--SNTN', 'BCAS3--AC104162.1', 'ESR1--CCDC170', 'TOP1--RNA5SP484', 'TOP1--RNU2-52P', 'BCAS1--AL139351.1', 'BCAS1--LINC00494', 'UNK--ABCA5', 'UNK--RF00561', 'TBL1XR1--RGS17', 'GATAD2B--NUP210L', 'DHX30--EMCN', 'AC011921.1--PLPPR5', 'RAD51C--ATXN7', 'BEND7--PRPF18', 'ARRB1--KLHL35', 'LEMD3--AC002375.1', 'RSRC1--AC131211.1', 'RSBN1--VAV3', 'RSRC1--OTOL1', 'SLC25A19--RNU7-6P', 'SLC25A19--ZFP64', 'ATP1A1--ZFP64', 'CHEK2--Z93930.2', 'AL355306.2--BCAS1', 'AL499605.1--BCAS1', 'AC011921.1--AL445433.2', 'DENND2C--RNU7-14P', 'DENND2C--AC006076.1', 'PARD6B--CADPS', 'PARD6B--AC096915.1', 'MTAP--CDKN2B-AS1', 'ATP1A1--RNU7-6P', 'HIPK1--DENND2C', 'ANKS1A--UHRF1BP1', 'PLCG1--TOP1', 'VAV3--AP4B1-AS1', 'TDRKH--PRICKLE2', 'SZRD1--FBXO42', 'DYNC1H1--DYNC1H1']"
4,SKBR3,0.6666666666666666,0.36363636363636365,8,12,14,"['CYTH1--EIF3H', 'TATDN1--GSDMB', 'SUMF1--LRRFIP2', 'CSE1L--AL035685.1', 'ANKHD1--PCDH1', 'CCDC85C--SETD3', 'RARA--PKIA', 'DHX35--ITCH']","['TRAM1--AC022730.2', 'TRAM1--AC022730.3', 'DSP--AL355499.1', 'DSP--AL355499.2', 'ANKHD1-EIF4EBP3--PCDH1', 'TAF2--COLEC10', 'VSTM2L--CTNNBL1', 'ATAD5--TLK2', 'TBC1D31--ZNF704', 'PVT1--LINC00536', 'AC138646.1--OSGIN2', 'AC100870.1--OSGIN2', 'STS--AC120338.1', 'STS--VCX']"
5,BT474,0.6086956521739131,0.4,14,23,21,"['ZMYND8--CEP250', 'RPS6KB1--SNF8', 'ACACA--STAC2', 'STX16--RAE1', 'TOB1--SYNRG', 'MED1--STXBP4', 'RAB22A--MYO9B', 'MED1--ACSF2', 'AHCTF1--NAAA', 'GLB1--CMTM7', 'VAPB--IKZF3', 'MED13--BCAS3', 'CPNE1--PI3', 'PIP4K2B--RAD51C']","['THRA--THRA1/BTR', 'STX16-NPEPL1--RAE1', 'VAPB--AL499627.1', 'VAPB--MIR1-1HG-AS1', 'TPD52L2--DNAJC5', 'PSEN2--TRAPPC11', 'PSEN2--AC108477.1', 'BCAS1--B4GALNT2P1', 'BCAS1--B4GALNT2', 'ZC3H11A--CNOT6L', 'ZBED6--CNOT6L', 'ASTN2--AL354754.1', 'PPP6R3--SHANK2', 'CBFA2T2--RPSAP1', 'CBFA2T2--NFATC2', 'NUMA1--FCHSD2', 'NCOA2--ZNF704', 'PTRH2--BCAS3', 'FBXL20--GALNT17', 'THRA--SKAP1', 'BRD4--RFX1']"
5,KPL4,0.0,0,0,3,0,[],[]
5,MCF7,0.6,0.3333333333333333,9,15,18,"['BCAS4--BCAS3', 'RPS6KB1--VMP1', 'ARFGEF2--SULF2', 'PAPOLA--AK7', 'SMARCA4--CARM1', 'AC099850.1--VMP1', 'MYO9B--FCHO1', 'ATXN7L3--FAM171A2', 'SULF2--PRICKLE2']","['FOXA1--TTC6', 'NCOA3--AL499605.1', 'NCOA3--AL596327.1', 'ATXN7--AL355306.2', 'ATXN7--AL499605.1', 'TXLNG--SYAP1', 'GCN1--MSI1', 'DDX42--SLC2A10', 'DDX42--RN7SKP33', 'RSBN1--AP4B1-AS1', 'TAF4--BRIP1', 'PREX1--LINC01754', 'PREX1--RPL35AP', 'BCAS3--SNTN', 'BCAS3--AC104162.1', 'GATAD2B--NUP210L', 'RSBN1--VAV3', 'ATP1A1--ZFP64']"
5,SKBR3,0.5,0.6666666666666666,6,12,3,"['CYTH1--EIF3H', 'TATDN1--GSDMB', 'SUMF1--LRRFIP2', 'CSE1L--AL035685.1', 'ANKHD1--PCDH1', 'CCDC85C--SETD3']","['DSP--AL355499.1', 'DSP--AL355499.2', 'ANKHD1-EIF4EBP3--PCDH1']"
