fusioncatcher,starfusion,tophat,arriba
ccle,gcsi,gray,edgren,uhn

ndatasets_agree,ntools_agree,cell,accuracy,precision,#TP,#GT,#FP,TP_list,FP_list
1,1,BT474,0.9565217391304348,0.018867924528301886,22,23,1144,"['ACACA--STAC2', 'RPS6KB1--SNF8', 'STX16--RAE1', 'TRPC4AP--MRPL45', 'TOB1--SYNRG', 'AHCTF1--NAAA', 'VAPB--IKZF3', 'MED1--ACSF2', 'RAB22A--MYO9B', 'MED1--STXBP4', 'STARD3--DOK5', 'GLB1--CMTM7', 'FAM102A--CIZ1', 'SKA2--MYO19', 'PIP4K2B--RAD51C', 'MED13--BCAS3', 'CPNE1--PI3', 'DIDO1--TTI1', 'USP32--MED1', 'LAMP1--MCF2L', 'ZMYND8--CEP250', 'THRA--AC090627.1']","['THRA--THRA1/BTR', 'NPEPPS--TBC1D3', 'CEP250--ZMYND8', 'STX16-NPEPL1--RAE1', 'SMG1--NPIPB5', 'ERBB2--GRB7', 'ASTN2--AL354754.1', 'ACTB--AL359924.1', 'TPM4--SYCE2', 'AP000534.2--AC073869.9', 'FITM2--UQCC1', 'PPP1R12A--MGAT4C', 'TRIM3--HPX', 'MEF2D--OR10J1', 'NAIP--OCLN', 'ZNF451--BAG2', 'ZFP64--PHACTR3', 'PRKRIP1--AC091390.2', 'SCNN1A--TNFRSF1A', 'AL109827.1--PI3', 'AP000944.5--MAP3K11', 'BCAS3--AC034268.2', 'FCHSD2--LRTOMT', 'HSPE1--MOB4', 'FCHSD2--AP000812.5', 'LASP1--KRT8', 'NPM1--PTMA', 'PTMA--HMGB1', 'FASN--IGFBP5', 'SLC24A1--PTMA', 'TRIM37--MYO19', 'AP000534.2--AC073869.7', 'AP4S1--LINC01247', 'CDK6--PSPH', 'CYP4F8--ILVBL', 'ELL--ISYNA1', 'ERBB2--ACTB', 'ZC3HAV1--MIR100HG', 'ACSS1--APMAP', 'HLF--MLLT6', 'KAT6A--PLAT', 'SERF1A--SMN1', 'ZNF600--ZNF813', 'AC025048.4--HEATR6', 'ERBIN--NLN', 'MTG1--SCART1', 'PPP1R9A--WDR66', 'AC092747.2--PPFIBP1', 'ACSF2--DHX40', 'CENPB--PTMA', 'DDX17--PANTR1', 'HILPDA--AC010655.3', 'LASP1--IGFBP5', 'MLLT6--LASP1', 'NCOA2--ZNF704', 'PRR11--CLPB', 'SIDT2--TAGLN', 'ANP32B--SET', 'APLP2--PTMA', 'BZW2--TSPAN13', 'CLSPN--PTMA', 'COQ8B--NUMBL', 'EEF1AKNMT--DNM3', 'ERVK9-11--SDHA', 'FAM210B--PRR11', 'GAPDH--EEF1A1', 'GSE1--ERBB2', 'GSE1--PTMA', 'HMGB1--NPM1', 'IGH@--LASP1', 'NCL--SET', 'PRR11--MALT1', 'PSMD3--KRT19', 'PSPH--CHST11', 'RPL23--C17ORF98', 'SMARCA4--PTMA', 'VCP--EEF1A1', 'AC073320.1--LRRFIP1', 'ACACA--ERBB2', 'ACTG1--SFPQ', 'ARL6IP1--RPS15A', 'ARPC4--SETD5', 'ASL--CRCP', 'C19MC--GNB4', 'C19MC--SMIM14', 'CCND3--BRI3BP', 'CEP250--GDF5', 'CHCHD3--EXOC4', 'DNAH14--CNIH3', 'FBXO46--SNRPD2', 'FTH1--KRT8', 'HACL1--COLQ', 'HMGB1--ANP32B', 'HNRNPU--PFN1', 'KLHL42--NCK1-DT', 'KLHL42--ZBTB42', 'LRRC75A--YWHAB', 'LSS--SPATC1L', 'MLLT6--INTS1', 'NUMA1--KRT8', 'PCGF2--CFLAR', 'PCGF2--PGAP3', 'PHACTR3--AL109829.1', 'PMF1--BGLAP', 'POLD2--YWHAG', 'PPIA--TMBIM6', 'PRR11--LINC02185', 'PTMA--ABCF1', 'PTMA--PTMS', 'PTMA--SUPT5H', 'RAD18--OXTR', 'RAD51AP1--DYRK4', 'RPL28--LASP1', 'S100A16--GRIK2', 'SLC25A32--BAALC-AS1', 'THAP11--ATXN3', 'TXNL4A--SLC66A2', 'UBA2--WTIP', 'WDR37--TMEM178B', 'WDR66--MLXIP', 'ZNRF2--FKBP9', 'AC008770.1--AC008758.3', 'AC093001.1--TM4SF1-AS1', 'ACTB--ILF3', 'ATF2--ATP5MC3', 'BRAP--PCNP', 'BRD4--RFX1', 'CCT3--H2AFV', 'COPS3--CDH1', 'CPSF6--AOPEP', 'DYNC1H1--ARHGEF12', 'FAM219A--DNAI1', 'G2E3--EGLN3', 'HSP90AB1--GNAS', 'LINC02236--LINC01990', 'LINC02739--MAP4K3-DT', 'MED1--TAPBP', 'MEF2D--LINC02819', 'MRPS5--AC103563.9', 'MTHFD1--KRT8', 'NDUFA1--AKAP14', 'NDUFA2--CSTF3', 'PCBP1-AS1--RPL23', 'PCGF2--DHCR24', 'PCGF2--SDHC', 'PHTF2--HERC4', 'RPRD1B--GID8', 'RRM2B--UBR5', 'SDF2--KIAA0100', 'SEPTIN4-AS1--BCAS3', 'SLC19A2--KIFAP3', 'SLC29A1--HSP90AB1', 'SOCS7--KRT8', 'TEAD2--SLC6A16', 'TMEM143--CCDC114', 'TMEM241--LINC01902', 'TPM3--KRT8', 'WAC--MTPAP', 'ZNF672--SMIM14', 'AKAP8L--BRD4', 'ATP6V0C--AMDHD2', 'CLN6--CALML4', 'HSCB--CCDC117', 'KMT2C--ACTR3B', 'MED8--ELOVL1', 'MID1--ARHGAP6', 'NCOR2--UBC', 'RLF--MYCL', 'SCARB1--UBC', 'IKZF3--VAPB', 'SDHD--AP003973.3', 'NPIPB5--SMG1', 'AP002884.2--AP003973.3', 'PTMA--SET', 'PTMA--HSP90AA1', 'NPM1--SET', 'RPL19--EEF1A1', 'LASP1--ERBB2', 'LINC00680--AC138409.2', 'RNF125--BRI3BP', 'TMPO--ZFP36L1', 'ATXN3--STARD7', 'YWHAB--LRRC75A', 'CLPB--PRR11', 'DDX6--RPL7L1', 'RPL23--EEF1A1', 'IKZF3--NSD2', 'RRM1--TRIM68', 'PTMA--APLP2', 'CCDC125--EIF3G', 'CYP4F8--CYP4F23P', 'NVL--ENAH', 'AC024560.4--AC124944.2', 'APLP2--HSP90AA1', 'ERGIC3--THRIL', 'MRPS33--TMPO', 'RPL19--NCL', 'AC124944.2--AC132008.2', 'BCAS1--ZNF44', 'CCDC32--CBX3', 'CIRBP--FAM174C', 'HMGB1--PTMA', 'LRRC8A--SET', 'PSPH--IGF2BP3', 'TJP1--AC111152.1', 'AC091951.3--HERC2', 'ACSL3--SGPP2', 'GOLT1A--KISS1', 'LSM12--TRG@', 'PSPH--TRB@', 'AC004921.2--GSAP', 'AP002754.1--RPLP0P2', 'CIZ1--NCL', 'D2HGDH--GAL3ST2', 'DDX27--ZNFX1', 'PIF1--DDOST', 'AC044860.1--GOLGA2P2Y', 'AC124312.1--APBA2', 'AC138649.1--HERC2', 'CTBS--GNG5', 'EIF4G1--PTMA', 'HSP90AA1--NCL', 'IGFBP5--HSP90AA1', 'MLLT6--RET', 'NPM1--EPHA5', 'PRR11--AC008592.5', 'ZNF544--ZNF8', 'CCDC88C--NAP1L1', 'CCNI--PTMA', 'ERBB2--ERGIC1', 'ERGIC1--LASP1', 'GREB1--ZNF284', 'KRT7--RPL19', 'PTMA--ANP32A', 'PTMA--TTBK1', 'ACTB--KRT8', 'CYP4F11--CYP4F23P', 'EEF1A1--EIF4G1', 'HMGB1--SET', 'IGF2BP1--STAC2', 'KDM7A-DT--MIR100HG', 'KRT8--EIF4G1', 'MPLKIP--AC124798.1', 'NCL--EPHA5', 'PRRC2A--ERBB2', 'PTMA--APP', 'TMED2-DT--FTH1', 'AC006441.3--IGFBP5', 'ACIN1--PTMA', 'AP000974.1--SYTL2', 'ATXN2--TOMM70', 'C19MC--PRR11', 'CFL1--RPL19', 'CIZ1--PTMA', 'CRIPAK--USP14', 'GMEB1--CASP6', 'HSP90AA1--SMARCA4', 'HSPBP1--C11ORF80', 'IL3RA--SWAP70', 'KRTAP5-2--KRTAP5-1', 'LASP1--CALM1', 'NCL--ANP32A', 'NCL--UBTF', 'PAICS--RPS18', 'PRR11--WDR19', 'PTMA--CENPB', 'PTMA--LRRC59', 'PTMA--SRRM2', 'TRPV3--LPP', 'UGGT1--AL158154.3', 'ZNF124--ZNF670-ZNF695', 'ZNF681--PGAM5', 'ABCA10--ABCA11P', 'AC006064.4--LASP1', 'AC006441.3--PTMA', 'AC006441.3--SLC25A6', 'AC008840.1--SPATA9', 'AC064829.1--KLHL42', 'AL022323.3--DHFR', 'AL589182.1--AP000527.1', 'AL590652.1--VAPA', 'ARL5A--THUMPD3-AS1', 'BAIAP2L2--SLC16A8', 'C19MC--RPLP1', 'C19ORF47--AKT2', 'CALCOCO2--DNAL1', 'CFL1--IGFBP5', 'CRLF2--RAB3D', 'DHX40--MED1', 'DNAJC5--ACTB', 'ERBB2--FAM102A', 'FBXL20--NNT-AS1', 'FKBP8--PTMA', 'IGFBP5--MLLT6', 'LASP1--CTNNA1', 'LASP1--TMBIM6', 'MIR100HG--RAB29', 'MRPS30--PMS2', 'MYH9--SET', 'PDE10A--PITPNM3', 'PTMA--DAXX', 'PTMA--PELP1', 'SEC16A--EEF1A1', 'SET--APLP2', 'SET--RANGAP1', 'SETSIP--NCL', 'UBA1--LASP1', 'UBL5--CLCN7', 'UBXN2A--MFSD2B', 'UCP2--ZFP36L1', 'WDR12--MED29', 'ZNF491--ZNF700', 'ZNF665--RAB29', 'ZNF700--ZNF763', 'AC005828.7--DENR', 'AC006064.4--PKM', 'AC006064.6--NCL', 'AC010326.2--CCNB3', 'AC010401.1--GID8', 'ACTB--UBAP2L', 'ACTR8--AC012467.2', 'AIMP2--ANKRD61', 'ALK--IRX3', 'AP003119.1--GUCY2EP', 'ARID4B--NCL', 'BRD4--RPL19', 'C9ORF152--AC245884.4', 'CDV3--NEK1', 'CLTC--ACTB', 'CNTNAP2--EIF1AX', 'CSDE1--ACTB', 'DDX18--AC009313.2', 'DHFR--ERBB2', 'DYNLRB1--MAP1LC3A', 'EED--HIKESHI', 'ERBB2--CISD3', 'ERBB2--IPO7', 'ERBB2--RPS14', 'ERH--AC092979.1', 'FGFR2--MKNK2', 'GABRB3--RYR3', 'GCC2-AS1--AC133644.3', 'HNRNPA2B1--RPL23', 'HSP90AA1--ACTB', 'ITCH--HNRNPUL1', 'ITCH--MAP1LC3A', 'KRT8--HNRNPA2B1', 'KRT8--SERINC2', 'LARS--SLC25A33', 'LASP1--ZMIZ1', 'LIMD1--TRA@', 'LONP2--RSL1D1', 'LRP5--ERBB2', 'MAVS--TMEM161B-AS1', 'MED1--YWHAB', 'MED24--LASP1', 'MLLT6--CCNI', 'MYO9A--RAC1', 'NCL--PRKCSH', 'NCOA3--MLLT6', 'NOP9--PRKCSH', 'NUSAP1--INO80-AS1', 'PARP1--SPOP', 'PKM--TUBB', 'PRR11--HMG20B', 'PRRC2B--P4HB', 'PSMB3--TRA@', 'PTMA--EWSR1', 'PTMA--SCAF1', 'RNF41--MYO1C', 'SERINC3--ACTB', 'SERINC3--C19MC', 'SGK3--SLC35E3', 'SSH2--LIMD1', 'STK4--TSHZ2', 'STRN4--ERBB2', 'TAF8--AC006213.6', 'TLE5--IGFBP5', 'UBB--CFL1', 'USP7--ACTB', 'XPO5--CASP6', 'YWHAB--ERBB2', 'ZNF652--LRRC75A', 'ABL1--SURF4', 'AC091180.3--IGFBP5', 'ACACA--EEF1A1', 'ACTB--FOXN3', 'ACTB--ITCH', 'ADAR--LINC02482', 'AL158154.3--SMIM14', 'AL161454.1--PARK7', 'AL390728.4--ZNF720', 'ANKRD17--NCL', 'AP002748.4--MRPL11', 'AP003108.2--EIF2S3', 'AP1S3--CRLF2', 'APLP2--CIZ1', 'APP--ACTB', 'ARHGEF12--IGFBP5', 'ARL2--RUNDC1', 'BCL11A--YWHAZ', 'BRAF--EXOG', 'C9ORF152--MCPH1-AS1', 'CAPN2--PTMA', 'CASZ1--RPL23AP89', 'CCAR1--SPOP', 'CCDC124--PTMA', 'CENPB--NCL', 'CHST11--EIF5', 'CLSTN1--ERBB2', 'CPT2--FMR1', 'CRIPT--TAPBP', 'CSF2RA--STARD7', 'CXORF56--FBXO7', 'CYP4F23P--CYP4F3', 'DCAF7--TACO1', 'DDX21--YWHAB', 'EEF1A1--IRAK1', 'EGLN2--ERBB2', 'EIF5B--PTMA', 'ELMSAN1--IGFBP5', 'ERBB2--ACSL1', 'ERBB2--LETM1', 'ETV6--IVD', 'FAM210B--SCO1', 'FAU--RABL6', 'FTH1--RPS14', 'FYCO1--LZTFL1', 'GASK1B--AC098679.4', 'GREB1--HNRNPUL1', 'HDGF--NCL', 'HDLBP--YWHAB', 'HMGB1--CALR', 'HNRNPA0--FMR1', 'HNRNPH1--HNRNPA2B1', 'HNRNPU--AHNAK', 'HSPB1--FTH1', 'ICOSLG--C19MC', 'IDE--TBC1D16', 'IGFBP5--SEPTIN11', 'IGFBP5--TNRC18', 'ITCH--PRRC2A', 'ITCH--TFRC', 'ITPK1--PTMA', 'KHSRP--GAPDH', 'KLF7--AC134508.1', 'KLHL42--BHLHE40', 'KPNB1--ERBB2', 'KRT8--DYNLRB1', 'KRT8--MARCKSL1', 'LASP1--KREMEN1', 'LASP1--NPLOC4', 'LASP1--PRR11', 'LASP1--YWHAB', 'LINC00632--RPL7L1', 'LINC01118--CSRP1', 'LRRC75A--FAM210B', 'MAPK14--MLLT6', 'MCCC2--WIPF2', 'MECOM--RPL22', 'MED12--NLGN3', 'MIR193BHG--MIS18A', 'MTHFR--DTD2', 'MUC6--PPIA', 'MYL6--GNAS', 'NCL--RTN4', 'NCL--SETD1A', 'NEK5--ZKSCAN1', 'NELFB--TOR4A', 'NIPA2--WDFY3-AS2', 'NOL11--NCOA3', 'NPM1--PTPN11', 'OR52A1--DDI2', 'PAICS--FAM98C', 'PCGF2--ZFP36L1', 'PCGF2--ZMAT1', 'PDIA6--AC092687.3', 'PEBP1--YWHAB', 'PHB--HNRNPL', 'POLR3GL--PTMA', 'PPIP5K1--CATSPER2', 'PPM1G--NCL', 'PRR11--AL158154.3', 'PRR11--YWHAB', 'PRRC2B--YWHAB', 'PSMC1--PKM', 'PSMD3--DDX54', 'PTMA--ARL6IP4', 'PTMA--CLSTN1', 'PTMA--HK1', 'PTP4A2--MLLT6', 'PTPRS--ERBB2', 'RAB7A--PTMA', 'RAC1--IGH@', 'RAD23B--LASP1', 'RPH3AL--LASP1', 'RPL7L1--TRA@', 'SBK1--TRA@', 'SCAF1--NCL', 'SHROOM3--CCNI', 'SLC9A3R1--ACTB', 'SMARCA2--PTMA', 'SPINT2--PRKCSH', 'STAC2--CACNB1', 'STRIT1--SAPCD2', 'STRN--CCNI', 'STX18-AS1--IGFBP5', 'TAPBP--TSPAN31', 'TFRC--ACTB', 'TIMELESS--RANGAP1', 'TMUB1--LASP1', 'TTLL1--PACSIN2', 'UBE2Z--P4HB', 'UCK2--SDHC', 'UTP6--COPRS', 'VIRMA--PTMA', 'VPS4A--PDF', 'YWHAE--LASP1', 'ZFHX3--NCL', 'ZFP36L1--IGFBP5', 'ZMYND8--LASP1', 'ZNF264--TRUB2', 'ZNF346--FGFR4', 'ZNF621--FCF1', 'ZNF675--PPHLN1', 'NUTM2A--NUTM2B', 'AGPAT5--MCPH1', 'EWSR1--FUS', 'NCAPD2--MRPL51', 'PDK2--VMP1', 'POLA2--CDC42EP2', 'SET--ANP32E', 'TADA2A--ERBB2', 'RPL19--SET', 'NCL--ERBB2', 'LASP1--MLLT6', 'RPL19--SUPT16H', 'TPM3--ERBB2', 'ALCAM--MALAT1', 'HSP90AA1--PTMA', 'ZC3H11A--ERBB2', 'CHD4--ERBB2', 'RPL19--HNRNPF', 'AP002990.1--ACTB', 'SRSF3--ERBB2', 'ACACA--YWHAB', 'EIF2AK1--ERBB2', 'SNX32--MALAT1', 'CNOT1--ERBB2', 'CALCOCO2--ERBB2', 'ERBB2--RAB10', 'DNAJC5--LASP1', 'ETFA--ERBB2', 'NSD1--ERBB2', 'AL121594.1--ERBB2', 'ILF3--ACTB', 'IPO7--ERBB2', 'LASP1--CPSF1', 'CDC42--ERBB2', 'MGST1--ERBB2', 'PPIA--ERBB2', 'C1ORF43--ERBB2', 'CDK4--ERBB2', 'ITCH--ERBB2', 'RPN1--ERBB2', 'HSF1--ERBB2', 'RPL23--UBE2Z', 'DNMT1--ERBB2', 'DYNC1H1--ERBB2', 'NDST1--ERBB2', 'RPL23--PDIA3', 'SMPD4--ERBB2', 'COX7A2--ERBB2', 'CREB3L4--ERBB2', 'PCBP1-AS1--ERBB2', 'PPT1--ERBB2', 'PRC1--ERBB2', 'PRKCSH--ERBB2', 'SIN3A--ERBB2', 'SLC38A2--RPL23', 'RBMX--RPL23', 'ZNF664--ERBB2', 'ACTB--NCOA6', 'RBM12--PI3', 'POLA2--MAP3K11', 'ERBB2--LASP1', 'ERBB2--RPL8', 'ERN1--TBC1D3P1', 'AL669831.3--MALAT1', 'FLNB--COL5A2', 'HNRNPA2B1--MALAT1', 'CYP4F3--ILVBL', 'VAPB--APCDD1L-DT', 'YWHAB--YWHAZ', 'PTMA--EEF1A2', 'TPM3--ENSG00000234337', 'ENSG00000198744--MRPL45', 'ZC3H11A--CNOT6L', 'FAM89A--RNF4', 'MAP3K11--ENSG00000260877', 'ENSG00000224411--HSP90AA1', 'AHNAK--ENSG00000198763', 'NEAT1--RNR2', 'MALAT1--ENSG00000228253', 'RPS3--RNR2', 'RPS3--ENSG00000198727', 'STIP1--ENSG00000225536', 'IRAK3--RBMS1', 'DENR--ENSG00000250917', 'PDE3A--RNR2', 'PDE3A--ENSG00000198899', 'PDE3A--ENSG00000198886', 'PDE3A--ENSG00000198763', 'LNCRNA-ATB--TADA2A', 'LOC102724814--ENSG00000198712', 'DYNLL2--TEX14', 'TEX14--HEATR6', 'LOC105371849--HEATR6', 'UBB--ENSG00000228253', 'NSRP1--ENSG00000228253', 'LASP1--ENSG00000228253', 'RPL19--ENSG00000228253', 'PSMD3--ENSG00000198804', 'ATP5F1A--ENSG00000228253', 'GNAQ--ENSG00000214077', 'ANKRD30BL--ENSG00000198804', 'ANKRD30BL--ENSG00000198712', 'ANKRD30BL--ENSG00000228253', 'RPL37A--ENSG00000198712', 'IGFBP5--ENSG00000198727', 'IGFBP5--ENSG00000198886', 'IGFBP5--ENSG00000198712', 'CPNE1--WFDC12', 'ENSG00000250859--HNRNPK', 'PRRC2A--RNR2', 'RPS18--ENSG00000198804', 'ZNF746--ZNF767P', 'HNRNPA2B1--ENSG00000228253', 'COX6C--RNR1', 'COX6C--ENSG00000198804', 'ASTN2--ENSG00000231901', 'RNR2--ENSG00000198804', 'RNR2--ENSG00000198888', 'GABRA3--ZNF185', 'ENSG00000248527--CCT3', 'ENO1--EDARADD', 'CASZ1--TNFRSF8', 'IPO13--CCDC24', 'SMYD3--ENSG00000143420', 'KDM5B--DNAH14', 'ENSG00000229344--HSP90AA1', 'HNRNPCL1--HNRNPC', 'ENSG00000248527--ARL6IP1', 'ENSG00000198744--FUS', 'ENSG00000225630--RPL23', 'ENSG00000233328--PFN1', 'ENSG00000213225--NOC2L', 'ENSG00000244192--RPL11', 'DPYD--SEC63', 'HMGN3--ENSG00000227415', 'ENSG00000234741--MDN1', 'ENSG00000248527--RPL8', 'PARP1--RNR2', 'HNRNPU--ENSG00000198938', 'FDPS--ENSG00000215035', 'ENSG00000272734--ADIRF', 'ENSG00000213574--LDHA', 'SCD--ENSG00000226549', 'HNRNPH3--ENSG00000198888', 'HNRNPH3--ENSG00000198712', 'BLOC1S2--ENSG00000236982', 'ENSG00000176340--COX8A', 'NUMA1--FCHSD2', 'TPT1-AS1--RCN1', 'TSG101--YWHAB', 'YWHAB--TSG101', 'RPS3--ENSG00000228205', 'ENSG00000213121--RPL27A', 'CTNND1--ENSG00000198763', 'PRDX5--RNR2', 'SF1--RNR2', 'RPS6KB2--ENSG00000198804', 'RPS3--ENSG00000228253', 'MYL6--ENSG00000228118', 'ENSG00000123009--NME1-NME2', 'PDE3A--ANKRD30BL', 'RAN--ENSG00000213370', 'RAN--ENSG00000236603', 'LDHB--RNR2', 'KRT7--RNR2', 'PCBP2--ENSG00000198804', 'PEBP1--ENSG00000198727', 'UBC--RNR2', 'GAPDH--ENSG00000235587', 'KATNAL1--PRDX2', 'ENSG00000230584--CCT5', 'TPT1--ENSG00000214460', 'PABPC1--PABPC3', 'ZFYVE26--RAD51B', 'ENSG00000249004--PRMT5', 'TTC7B--RPS18', 'HSP90AA1--ENSG00000198763', 'TJP1--ENSG00000229389', 'OTUD7A--LOC100288637', 'NGRN--PERP', 'ENSG00000259696--ADAMTS13', 'ENSG00000259790--ANP32B', 'PKM--ENSG00000198886', 'ETFA--ENSG00000198938', 'ARL6IP1--ENSG00000198899', 'UBB--LASP1', 'PTRH2--BCAS3', 'BCAS3--TANC2', 'GCGR--SECTM1', 'PSMB3--ENSG00000225794', 'IKZF3--CBFA2T2', 'RPL19--FAM153CP', 'KRT19--ENSG00000218014', 'FBXL20--GALNT17', 'ENSG00000236496--GPS2', 'PFN1--ENSG00000198712', 'UBB--ENSG00000198727', 'UBB--RNR2', 'UBB--ENSG00000198804', 'ENSG00000198695--UBB', 'CWC25--ENSG00000198763', 'LASP1--ENSG00000198763', 'LASP1--ENSG00000198938', 'LASP1--ENSG00000212907', 'LASP1--ENSG00000198886', 'RPL19--RNR2', 'RPL19--ENSG00000198899', 'PGAP3--RNR2', 'ORMDL3--ENSG00000228253', 'ORMDL3--RNR2', 'PSMD3--ENSG00000198938', 'KRT19--ENSG00000198804', 'KRT19--ENSG00000198899', 'DYNLL2--RNR2', 'CLTC--RNR2', 'DDX5--ENSG00000228253', 'ENSG00000233762--RPS15', 'MAP2K2--LOC407835', 'HNRNPM--ENSG00000198899', 'ZNF417--CCNB3', 'LIMS1--LIMS4', 'KIF1A--SNED1', 'HADHA--CPE', 'CATIP-AS2--FAM153CP', 'IGFBP5--ENSG00000228253', 'IGFBP5--ENSG00000198786', 'NCL--RNR2', 'NCL--ENSG00000198712', 'PTMA--ENSG00000228253', 'HDLBP--ENSG00000210082', 'ESF1--MACROD2', 'ADNP-AS1--DPM1', 'CENPB--ENSG00000228253', 'PCNA-AS1--RNR2', 'DYNLRB1--ENSG00000228253', 'DYNLRB1--ENSG00000198888', 'DYNLRB1--ENSG00000198938', 'ATP9A--ENSG00000198804', 'GNAS--ENSG00000198712', 'RPL8--ENSG00000225267', 'MAPK12--MAPK11', 'XBP1--RNR2', 'PARL--ENSG00000217648', 'LMTK2--TBC1D5', 'PCOLCE2--RPL8', 'WDR82--RNR2', 'INPP4B--ENSG00000246448', 'RWDD4--ENSG00000237251', 'RWDD4--SRPK2', 'CCT5--ENSG00000250444', 'RACK1--FER', 'FER--RACK1', 'FAM153CP--ENSG00000198888', 'FAM153CP--ENSG00000198886', 'FAM153CP--ENSG00000198712', 'TUBB--ENSG00000127589', 'ILRUN--ENSG00000228253', 'ENSG00000226278--KMT2C', 'SRPK2--NKAIN3', 'HNRNPA2B1--RNR2', 'HSPB1--ENSG00000230216', 'ENSG00000251191--LOC101929470', 'EPPK1--RECQL4', 'VPS13B--ENSG00000198727', 'COX6C--ENSG00000212907', 'COX6C--RNR2', 'CYC1--RNR2', 'RPL8--ENSG00000198712', 'RPL8--ENSG00000198938', 'STAU2-AS1--ENSG00000227581', 'PTGES2--ENSG00000198899', 'RNR2--ENSG00000209082', 'ENSG00000198886--PGK1', 'ENSG00000225972--MALAT1', 'ENSG00000225630--MALAT1', 'ENSG00000248527--MALAT1', 'ENSG00000198744--PDE3A', 'ENSG00000248527--LASP1', 'ENSG00000248527--UBB', 'PCBD2--HFM1', 'HFM1--RNR2', 'HFM1--ENSG00000198804', 'HFM1--RNR1', 'HFM1--ENSG00000198886', 'EEF1AKNMT--RNR1', 'SGPL1--RNR2', 'TCN1--ENSG00000198888', 'MALAT1--RNR2', 'MALAT1--ENSG00000198712', 'MALAT1--ENSG00000212907', 'MALAT1--ENSG00000198763', 'MALAT1--ENSG00000198888', 'MALAT1--ENSG00000198886', 'MALAT1--ENSG00000198786', 'MALAT1--ENSG00000198938', 'MALAT1--ENSG00000198899', 'DLG2--ENSG00000198899', 'DLG2--RNR2', 'PDE3A--ENSG00000198938', 'CD63--RNR2', 'LAMP1--RNR2', 'RPL19--CATIP-AS2', 'RPL19--NAPEPLD', 'RPL23--ENSG00000198888', 'RPL23--RNR2', 'LASP1--ENSG00000198899', 'LASP1--RNR2', 'ERBB2--ENSG00000198763', 'PHB--ENSG00000198886', 'ANKRD30BL--ENSG00000198899', 'ANKRD30BL--RNR2', 'GNAS--ENSG00000198888', 'GNAS--RNR2', 'DTWD2--ENSG00000198763', 'HSP90AB1--ENSG00000198763', 'HNRNPA2B1--ENSG00000198763', 'SLCO5A1--RNR2', 'VCP--ENSG00000228253', 'SET--ENSG00000198899', 'RNR1--ENSG00000198804', 'RNR1--ENSG00000198938', 'RNR1--ENSG00000198727', 'RNR1--RNR2', 'RNR2--ENSG00000198763', 'RNR2--ENSG00000228253', 'RNR2--ENSG00000198938', 'RNR2--ENSG00000198712', 'RNR2--ENSG00000198727', 'ENSG00000198695--RNR1', 'ENSG00000237008--LAPTM4B', 'ENSG00000230448--COL12A1', 'BCAS1--AL357558.1', 'BCAS1--LINC01522', 'VAPB--AL499627.1', 'VAPB--MIR1-1HG-AS1', 'TPD52L2--DNAJC5', 'PSEN2--TRAPPC11', 'PSEN2--AC108477.1', 'BCAS1--B4GALNT2P1', 'BCAS1--B4GALNT2', 'ZBED6--CNOT6L', 'RABGAP1L--RPS27P5', 'RABGAP1L--PSEN2', 'PPP6R3--SHANK2', 'PWRN1--AC023449.1', 'PWRN1--ATP10A', 'CBFA2T2--RPSAP1', 'CBFA2T2--NFATC2', 'PLEKHA6--RF00571', 'PLEKHA6--AC018710.1', 'AC016205.1--TMEM241', 'HEATR6--TEX14', 'MGAT4C--OTOGL', 'SCARB2--AL359837.1', 'SCARB2--LARP7P1', 'AC021193.1--MPZL1', 'NDUFB5P1--MPZL1', 'ZNF185--GABRA3', 'DHX40--AC005771.1', 'DHX40--AC007423.1', 'ARRB1--YAP1', 'ARRB1--AP000942.1', 'PPP1R12A--RNU7-106P', 'PPP1R12A--OTOGL', 'SNX25--LINC01353', 'SNX25--LINC01136', 'PRKCA--BCAS3', 'EDEM2--AL137078.2', 'EDEM2--AL049541.1', 'SLC35F3--RNU4-77P', 'SLC35F3--KCNK1', 'SECTM1--GCGR', 'CBFA2T2--IKZF3', 'AL109827.1--WFDC12', 'MEF2D--AL663023.1', 'AL670729.1--ASH1L', 'RB1CC1--PDCL2P2', 'RB1CC1--SYVN1', 'RB1CC1--HIGD1AP10', 'PPP1R12A-AS1--PTPRQ', 'AC005771.1--CACNG5', 'AC007423.1--CACNG5', 'PHACTR3--AL160413.1', 'PHACTR3--CBLN4', 'AP000944.2--MAP3K11', 'ACSF2--C17orf112', 'ACSF2--MTCO1P40', 'THRA--SKAP1', 'HEATR6--KCNJ2', 'HEATR6--CALM2P1', 'RTF2--RF00322', 'RTF2--LINC01950', 'EPN3--AC091180.5', 'STAU1--ARFGEF2', 'TOM1L1--MTCO1P40', 'TOM1L1--AC034268.2', 'PDCD6--PDCD6', 'MAP3K11--AP005233.2', 'GRHL2--AP001330.1', 'GRHL2--RNU7-67P', 'PCNX3--AP003071.2', 'PCNX3--MYEOV', 'BCAS1--IGF2BP1', 'KIF1A--AC005237.1', 'SKA2--TRIM37', 'RB1CC1--SPDYC', 'EIF4ENIF1--AC129926.2', 'EIF4ENIF1--AC129926.1', 'VWCE--AP001001.2', 'VWCE--AP002001.1', 'AC005746.1--MED13', 'DDX27--RPSAP1', 'DDX27--NFATC2', 'KCNS1--TSHZ2', 'SLC2A8--TSHZ2', 'STK4--AL109930.1', 'KCNS1--AL109930.1', 'AUTS2--TYW1B', 'ARPC4-TTLL3--SETD5', 'SCARB2--PRELP', 'ACSF2--TBC1D3P1-DHX40P1', 'ACSF2--DHX40P1', 'PTPA--AL160413.1', 'PTPA--CBLN4', 'INPP4B--AC139713.2', 'TBC1D3P2--ERN1', 'ERN1--TBC1D3P2', 'CDK12--HELZ', 'AC015813.6--AC005771.1', 'AC015813.6--AC007423.1', 'AC022730.2--ZNF704', 'RBM12--WFDC12', 'PTRH2--PRKCA', 'CLU--LINC01947', 'CLU--AC091819.2', 'USP32--AC034268.2', 'BCAS3--AC015923.1', 'CLU--TENM2', 'NUMA1--SHANK2', 'ERN1--AC053481.3', 'NUP54--MRPL1', 'SCARB2--MRPL1', 'BCL7A--PPP1R9A', 'PDCD6--AHRR', 'AUTS2--AUTS2', 'MED1--C17orf112', 'MED1--MTCO1P40', 'GCNT1P5--GSAP', 'PTPN12--GSAP', 'AC004554.2--ARHGAP6', 'ASTN2--AL160272.1', 'AL391684.1--GOT1', 'BFSP2-AS1--TMEM108', 'RF00019--BCLAF3', 'MAP7D2--BCLAF3', 'TXNL4A--PQLC1', 'AC091057.6--AC091057.1', 'MRPL39--LINC00158', 'MRPL39--AP000221.1', 'ASTN2--AL160272.2', 'KRT8--KRT7', 'PPEF2--CNOT6L', 'FBXO41--RNU6-111P', 'FBXO41--AC074008.2', 'NUP35--LIN28AP1', 'NUP35--CACYBPP2', 'HTD2--PXK', 'GOLT1A--RPS27P5', 'GOLT1A--PSEN2', 'AC073529.1--MID1', 'SNX25--BTG2', 'TADA2A--AL589743.4', 'SEPT4-AS1--BCAS3', 'TRPS1--LINC00536', 'SPINDOC--MYEOV', 'ERP29--MAPKAPK5', 'MEF2D--AL606752.1', 'LONP2--ABCC11', 'SDHD--LINC02550', 'AP002884.3--LINC02550', 'PLEKHA6--LINC01680', 'PLEKHA6--AL359081.1', 'CASZ1--RN7SL649P', 'CLIP1--TMEM132B', 'CLIP1--AC005252.2', 'CACNB1--CACNB1', 'CACNB1--RPL19', 'RNU7-106P--MGAT4C', 'OTOGL--MGAT4C', 'TBC1D3P1-DHX40P1--AC005771.1', 'TBC1D3P1-DHX40P1--AC007423.1', 'SLC37A1--LINC00111', 'FAM117A--LINC01524', 'LINC00589--AC131254.1', 'PRKCA--CA10', 'PRKCA--LINC01982', 'FSTL4--SSBP2', 'SNHG14--APBA2', 'HEATR6--OR4D1', 'PLEKHA6--MEF2D', 'FAM149B1--DHRSX', 'FAM149B1--MIR6089', 'TTC6--MIPOL1', 'RNU6-450P--LINC01476', 'TUBD1--LINC01476', 'ZNF814--CCNB3', 'AC022730.3--ZNF704', 'KCTD1--AQP4', 'TMEM241--AC016205.1', 'TMEM241--LINC01901', 'COX6C--SNX31', 'MVB12A--AC120338.1', 'MVB12A--VCX', 'DDIAS--AC096554.1', 'DDIAS--AHCYP3', 'CADM1--NXPE4', 'CADM1--NXPE2', 'SPECC1L--SPECC1L-ADORA2A', 'BCAS3--PRKCA', 'SCARB2--FMOD', 'RTF2--AC027313.1', 'RTF2--AC114940.1', 'TBC1D3C--ISCA1P3', 'TBC1D3C--AC005951.1', 'TFAM--TFAM', 'TFAM--BICC1', 'AL390719.1--AL390719.1', 'TTF1--TTF1', 'LRCH3--LRCH3', 'STK4--AL354993.2', 'KCNS1--AL354993.2', 'VWCE--AP002001.2', 'VWCE--GUCY1A2', 'PBRM1--CHDH', 'HS6ST2--RSRC1', 'TOB1-AS1--SYNRG', 'KLHL35--SPCS2', 'GDPD5--SPCS2', 'FGF3--C11orf80', 'AP007216.1--C11orf80', 'DDX10--AP003100.1', 'DDX10--AP000802.1', 'AC120114.1--AC120114.1', 'AC120114.1--TMEM219', 'AC110615.1--AC110615.1', 'AC110615.1--PPEF2', 'AC004921.1--GSAP', 'TMEM131L--MND1', 'GNL3L--GNL3L', 'PGAM4P1--GNL3L', 'GNL3L--PGAM4P1', 'ZNF33A--EIF3LP3', 'ZNF33A--FXYD6P2', 'ZNF485--ZNF32', 'LETM1--NSD2', 'NSD2--NSD2', 'MTCH2--MED15', 'AC108025.1--CGREF1', 'LINC01248--CGREF1', 'SPATA6--SLC5A9', 'SPATA6--AL109659.3', 'WFDC12--PI3', 'AC008443.2--AL669831.1', 'VHL--VHL', 'VHL--IRAK2', 'ZNF7--COMMD5', 'ZNF7--ZNF250', 'GPR157--CEMIP2', 'AC124312.1--SNRPN', 'CPNE1--AL049767.1', 'TNFRSF11B--SAMD12-AS1', 'TNFRSF11B--TNFRSF11B', 'ZNF66--AC008739.2', 'ZNF66--ZNF85', 'ACTR3B--ACTR3B', 'ACTR3B--AC079809.1', 'ATP5MC2P1--AC023509.3', 'ATP5MC2P1--ATF7', 'RAI2--RAI2', 'Z93929.2--RAI2', 'BPIFA2--BPIFA4P', 'ASAP2--MBOAT2', 'TRIM37--BRIP1', 'ETFA--SCAPER', 'EDF1--NPDC1', 'YTHDC2--KCNN2', 'KCNN2--KCNN2', 'SIX2--MIR100HG', 'XXYLT1--AC068631.1', 'NR1H3--C11orf49', 'DUXAP8--ACACA', 'ARHGEF38--PPA2', 'MCF2L--TFDP1', 'BCAS3--CDK12', 'YBX1--CBX3', 'VAPB--RAB22A', 'MDN1--GAS5', 'AC025575.2--PTPRR', 'WWP1--ATP6V0D2', 'WWP1--PSKH2', 'ARFGEF2--STAU1', 'ZSCAN25--CYP3A5', 'AC104692.2--PSPH', 'LRTOMT--FCHSD2', 'AC007663.1--DGCR6', 'ZC3H11B--CNOT6L', 'GAPDHP40--RN7SL732P', 'GAPDHP40--GAPDHP1', 'BCAS3--ISCA1P3', 'AC138649.1--AC242376.1', 'AC138649.1--AC242376.2', 'GIT2--AC087463.4', 'EPN3--LUC7L3', 'MED15--MTCH2', 'AC023421.2--SLC14A2', 'LRRC49--RPL5P3', 'LRRC49--THSD4', 'TRPS1--EIF3H', 'THSD4--LRRC49']"
1,2,BT474,0.9130434782608695,0.26582278481012656,21,23,58,"['ACACA--STAC2', 'RPS6KB1--SNF8', 'STX16--RAE1', 'TRPC4AP--MRPL45', 'TOB1--SYNRG', 'AHCTF1--NAAA', 'VAPB--IKZF3', 'MED1--ACSF2', 'RAB22A--MYO9B', 'MED1--STXBP4', 'STARD3--DOK5', 'GLB1--CMTM7', 'FAM102A--CIZ1', 'SKA2--MYO19', 'PIP4K2B--RAD51C', 'MED13--BCAS3', 'CPNE1--PI3', 'DIDO1--TTI1', 'USP32--MED1', 'LAMP1--MCF2L', 'ZMYND8--CEP250']","['THRA--THRA1/BTR', 'STX16-NPEPL1--RAE1', 'ASTN2--AL354754.1', 'TPM4--SYCE2', 'FITM2--UQCC1', 'PPP1R12A--MGAT4C', 'MEF2D--OR10J1', 'ZFP64--PHACTR3', 'AL109827.1--PI3', 'BCAS3--AC034268.2', 'FCHSD2--LRTOMT', 'FCHSD2--AP000812.5', 'TRIM37--MYO19', 'CYP4F8--ILVBL', 'KAT6A--PLAT', 'AC025048.4--HEATR6', 'ERBIN--NLN', 'PPP1R9A--WDR66', 'NCOA2--ZNF704', 'ARPC4--SETD5', 'CEP250--GDF5', 'DNAH14--CNIH3', 'LRRC75A--YWHAB', 'SLC25A32--BAALC-AS1', 'BRD4--RFX1', 'FAM219A--DNAI1', 'RPRD1B--GID8', 'SLC19A2--KIFAP3', 'SDHD--AP003973.3', 'RRM1--TRIM68', 'NVL--ENAH', 'TJP1--AC111152.1', 'ACSL3--SGPP2', 'AC124312.1--APBA2', 'ZNF124--ZNF670-ZNF695', 'AC010326.2--CCNB3', 'GABRB3--RYR3', 'NUSAP1--INO80-AS1', 'STK4--TSHZ2', 'RBM12--PI3', 'POLA2--MAP3K11', 'ERN1--TBC1D3P1', 'FLNB--COL5A2', 'CYP4F3--ILVBL', 'ZC3H11A--CNOT6L', 'CPNE1--WFDC12', 'CASZ1--TNFRSF8', 'IPO13--CCDC24', 'KDM5B--DNAH14', 'NUMA1--FCHSD2', 'ZFYVE26--RAD51B', 'PTRH2--BCAS3', 'BCAS3--TANC2', 'FBXL20--GALNT17', 'ZNF417--CCNB3', 'KIF1A--SNED1', 'ESF1--MACROD2', 'EPPK1--RECQL4']"
1,3,BT474,0.9130434782608695,0.4772727272727273,21,23,23,"['ACACA--STAC2', 'RPS6KB1--SNF8', 'STX16--RAE1', 'TRPC4AP--MRPL45', 'TOB1--SYNRG', 'AHCTF1--NAAA', 'VAPB--IKZF3', 'MED1--ACSF2', 'RAB22A--MYO9B', 'MED1--STXBP4', 'STARD3--DOK5', 'GLB1--CMTM7', 'FAM102A--CIZ1', 'SKA2--MYO19', 'PIP4K2B--RAD51C', 'MED13--BCAS3', 'CPNE1--PI3', 'DIDO1--TTI1', 'USP32--MED1', 'LAMP1--MCF2L', 'ZMYND8--CEP250']","['STX16-NPEPL1--RAE1', 'ASTN2--AL354754.1', 'TPM4--SYCE2', 'FITM2--UQCC1', 'PPP1R12A--MGAT4C', 'MEF2D--OR10J1', 'ZFP64--PHACTR3', 'BCAS3--AC034268.2', 'FCHSD2--LRTOMT', 'TRIM37--MYO19', 'CYP4F8--ILVBL', 'KAT6A--PLAT', 'AC025048.4--HEATR6', 'PPP1R9A--WDR66', 'NCOA2--ZNF704', 'BRD4--RFX1', 'RRM1--TRIM68', 'NVL--ENAH', 'TJP1--AC111152.1', 'ACSL3--SGPP2', 'GABRB3--RYR3', 'POLA2--MAP3K11', 'FLNB--COL5A2']"
1,4,BT474,0.8695652173913043,0.6451612903225806,20,23,11,"['ACACA--STAC2', 'RPS6KB1--SNF8', 'TRPC4AP--MRPL45', 'TOB1--SYNRG', 'AHCTF1--NAAA', 'VAPB--IKZF3', 'MED1--ACSF2', 'RAB22A--MYO9B', 'MED1--STXBP4', 'STARD3--DOK5', 'GLB1--CMTM7', 'FAM102A--CIZ1', 'SKA2--MYO19', 'PIP4K2B--RAD51C', 'MED13--BCAS3', 'CPNE1--PI3', 'DIDO1--TTI1', 'USP32--MED1', 'LAMP1--MCF2L', 'ZMYND8--CEP250']","['TPM4--SYCE2', 'PPP1R12A--MGAT4C', 'MEF2D--OR10J1', 'ZFP64--PHACTR3', 'FCHSD2--LRTOMT', 'TRIM37--MYO19', 'KAT6A--PLAT', 'PPP1R9A--WDR66', 'RRM1--TRIM68', 'NVL--ENAH', 'ACSL3--SGPP2']"
2,1,BT474,0.9565217391304348,0.08527131782945736,22,23,236,"['ACACA--STAC2', 'RPS6KB1--SNF8', 'STX16--RAE1', 'TRPC4AP--MRPL45', 'TOB1--SYNRG', 'AHCTF1--NAAA', 'VAPB--IKZF3', 'MED1--ACSF2', 'RAB22A--MYO9B', 'MED1--STXBP4', 'STARD3--DOK5', 'GLB1--CMTM7', 'FAM102A--CIZ1', 'SKA2--MYO19', 'PIP4K2B--RAD51C', 'MED13--BCAS3', 'CPNE1--PI3', 'DIDO1--TTI1', 'USP32--MED1', 'LAMP1--MCF2L', 'ZMYND8--CEP250', 'THRA--AC090627.1']","['THRA--THRA1/BTR', 'NPEPPS--TBC1D3', 'STX16-NPEPL1--RAE1', 'ERBB2--GRB7', 'ASTN2--AL354754.1', 'TPM4--SYCE2', 'FITM2--UQCC1', 'PPP1R12A--MGAT4C', 'TRIM3--HPX', 'MEF2D--OR10J1', 'NAIP--OCLN', 'ZNF451--BAG2', 'ZFP64--PHACTR3', 'SCNN1A--TNFRSF1A', 'AP000944.5--MAP3K11', 'BCAS3--AC034268.2', 'FCHSD2--LRTOMT', 'HSPE1--MOB4', 'NPM1--PTMA', 'SLC24A1--PTMA', 'TRIM37--MYO19', 'AP000534.2--AC073869.7', 'CDK6--PSPH', 'CYP4F8--ILVBL', 'ELL--ISYNA1', 'ERBB2--ACTB', 'ACSS1--APMAP', 'HLF--MLLT6', 'SERF1A--SMN1', 'ZNF600--ZNF813', 'AC025048.4--HEATR6', 'MTG1--SCART1', 'PPP1R9A--WDR66', 'AC092747.2--PPFIBP1', 'DDX17--PANTR1', 'HILPDA--AC010655.3', 'NCOA2--ZNF704', 'SIDT2--TAGLN', 'ANP32B--SET', 'COQ8B--NUMBL', 'EEF1AKNMT--DNM3', 'GSE1--ERBB2', 'NCL--SET', 'SMARCA4--PTMA', 'AC073320.1--LRRFIP1', 'ACACA--ERBB2', 'ARPC4--SETD5', 'C19MC--SMIM14', 'PRR11--LINC02185', 'PTMA--PTMS', 'TXNL4A--SLC66A2', 'UBA2--WTIP', 'AC093001.1--TM4SF1-AS1', 'BRD4--RFX1', 'RPRD1B--GID8', 'SLC29A1--HSP90AB1', 'TEAD2--SLC6A16', 'NPM1--SET', 'CFL1--RPL19', 'LASP1--CTNNA1', 'PTPRS--ERBB2', 'TPM3--ERBB2', 'SRSF3--ERBB2', 'ETFA--ERBB2', 'RBM12--PI3', 'POLA2--MAP3K11', 'SDHD--AP003973.3', 'NVL--ENAH', 'KAT6A--PLAT', 'ZC3H11A--CNOT6L', 'FAM89A--RNF4', 'MALAT1--ENSG00000228253', 'RPS3--ENSG00000198727', 'STIP1--ENSG00000225536', 'IRAK3--RBMS1', 'PDE3A--RNR2', 'PDE3A--ENSG00000198763', 'TEX14--HEATR6', 'LOC105371849--HEATR6', 'UBB--ENSG00000228253', 'RPL19--ENSG00000228253', 'GNAQ--ENSG00000214077', 'CPNE1--WFDC12', 'ENSG00000250859--HNRNPK', 'ZNF746--ZNF767P', 'COX6C--ENSG00000198804', 'ASTN2--ENSG00000231901', 'RNR2--ENSG00000198804', 'GABRA3--ZNF185', 'YWHAB--TSG101', 'KRT7--RNR2', 'HSP90AA1--ENSG00000198763', 'UBB--ENSG00000198804', 'RPL19--RNR2', 'NCL--ENSG00000198712', 'LMTK2--TBC1D5', 'ENSG00000226278--KMT2C', 'HNRNPA2B1--RNR2', 'VPS13B--ENSG00000198727', 'STAU2-AS1--ENSG00000227581', 'BCAS1--AL357558.1', 'BCAS1--LINC01522', 'VAPB--AL499627.1', 'VAPB--MIR1-1HG-AS1', 'TPD52L2--DNAJC5', 'PSEN2--TRAPPC11', 'PSEN2--AC108477.1', 'BCAS1--B4GALNT2P1', 'BCAS1--B4GALNT2', 'ZBED6--CNOT6L', 'RABGAP1L--RPS27P5', 'RABGAP1L--PSEN2', 'PPP6R3--SHANK2', 'PWRN1--AC023449.1', 'PWRN1--ATP10A', 'CBFA2T2--RPSAP1', 'CBFA2T2--NFATC2', 'PLEKHA6--RF00571', 'PLEKHA6--AC018710.1', 'AC016205.1--TMEM241', 'NUMA1--FCHSD2', 'AL109827.1--PI3', 'HEATR6--TEX14', 'MGAT4C--OTOGL', 'SCARB2--AL359837.1', 'SCARB2--LARP7P1', 'AC021193.1--MPZL1', 'NDUFB5P1--MPZL1', 'ZNF185--GABRA3', 'DHX40--AC005771.1', 'DHX40--AC007423.1', 'ARRB1--YAP1', 'ARRB1--AP000942.1', 'PPP1R12A--RNU7-106P', 'PPP1R12A--OTOGL', 'SNX25--LINC01353', 'SNX25--LINC01136', 'FCHSD2--AP000812.5', 'PTRH2--BCAS3', 'GABRB3--RYR3', 'ERBIN--NLN', 'PRKCA--BCAS3', 'EDEM2--AL137078.2', 'EDEM2--AL049541.1', 'SLC35F3--RNU4-77P', 'SLC35F3--KCNK1', 'SECTM1--GCGR', 'CBFA2T2--IKZF3', 'AL109827.1--WFDC12', 'FBXL20--GALNT17', 'MEF2D--AL663023.1', 'AL670729.1--ASH1L', 'RB1CC1--PDCL2P2', 'AC005771.1--CACNG5', 'AC007423.1--CACNG5', 'PHACTR3--AL160413.1', 'PHACTR3--CBLN4', 'AP000944.2--MAP3K11', 'ACSF2--C17orf112', 'ACSF2--MTCO1P40', 'THRA--SKAP1', 'HEATR6--KCNJ2', 'HEATR6--CALM2P1', 'RTF2--RF00322', 'RTF2--LINC01950', 'EPN3--AC091180.5', 'STAU1--ARFGEF2', 'TOM1L1--MTCO1P40', 'TOM1L1--AC034268.2', 'KDM5B--DNAH14', 'MAP3K11--AP005233.2', 'GRHL2--AP001330.1', 'GRHL2--RNU7-67P', 'PCNX3--AP003071.2', 'PCNX3--MYEOV', 'BCAS1--IGF2BP1', 'KIF1A--SNED1', 'KIF1A--AC005237.1', 'SKA2--TRIM37', 'RB1CC1--SPDYC', 'EIF4ENIF1--AC129926.2', 'EIF4ENIF1--AC129926.1', 'VWCE--AP001001.2', 'VWCE--AP002001.1', 'AC005746.1--MED13', 'DDX27--RPSAP1', 'DDX27--NFATC2', 'STK4--TSHZ2', 'SLC2A8--TSHZ2', 'AUTS2--TYW1B', 'ARPC4-TTLL3--SETD5', 'SCARB2--PRELP', 'ACSF2--TBC1D3P1-DHX40P1', 'ACSF2--DHX40P1', 'PTPA--AL160413.1', 'PTPA--CBLN4', 'INPP4B--AC139713.2', 'CDK12--HELZ', 'AC015813.6--AC005771.1', 'AC015813.6--AC007423.1', 'AC022730.2--ZNF704', 'RBM12--WFDC12', 'PTRH2--PRKCA', 'CLU--LINC01947', 'CLU--AC091819.2', 'USP32--AC034268.2', 'BCAS3--TANC2', 'BCAS3--AC015923.1', 'CLU--TENM2', 'NUMA1--SHANK2', 'ERN1--AC053481.3', 'BCL7A--PPP1R9A', 'AUTS2--AUTS2', 'GCNT1P5--GSAP', 'PTPN12--GSAP', 'ASTN2--AL160272.1', 'BFSP2-AS1--TMEM108', 'AC091057.6--AC091057.1', 'ASTN2--AL160272.2', 'CEP250--GDF5', 'GOLT1A--RPS27P5', 'GOLT1A--PSEN2', 'AC073529.1--MID1', 'TADA2A--AL589743.4', 'SEPT4-AS1--BCAS3', 'MEF2D--AL606752.1', 'SDHD--LINC02550', 'AP002884.3--LINC02550', 'PLEKHA6--LINC01680', 'PLEKHA6--AL359081.1', 'FAM117A--LINC01524', 'FSTL4--SSBP2', 'AC022730.3--ZNF704', 'RAI2--RAI2', 'Z93929.2--RAI2', 'ARFGEF2--STAU1']"
2,2,BT474,0.9130434782608695,0.4666666666666667,21,23,24,"['ACACA--STAC2', 'RPS6KB1--SNF8', 'STX16--RAE1', 'TRPC4AP--MRPL45', 'TOB1--SYNRG', 'AHCTF1--NAAA', 'VAPB--IKZF3', 'MED1--ACSF2', 'RAB22A--MYO9B', 'MED1--STXBP4', 'STARD3--DOK5', 'GLB1--CMTM7', 'FAM102A--CIZ1', 'SKA2--MYO19', 'PIP4K2B--RAD51C', 'MED13--BCAS3', 'CPNE1--PI3', 'DIDO1--TTI1', 'USP32--MED1', 'LAMP1--MCF2L', 'ZMYND8--CEP250']","['THRA--THRA1/BTR', 'STX16-NPEPL1--RAE1', 'ASTN2--AL354754.1', 'TPM4--SYCE2', 'FITM2--UQCC1', 'PPP1R12A--MGAT4C', 'MEF2D--OR10J1', 'ZFP64--PHACTR3', 'BCAS3--AC034268.2', 'FCHSD2--LRTOMT', 'TRIM37--MYO19', 'CYP4F8--ILVBL', 'AC025048.4--HEATR6', 'PPP1R9A--WDR66', 'NCOA2--ZNF704', 'ARPC4--SETD5', 'BRD4--RFX1', 'RPRD1B--GID8', 'RBM12--PI3', 'POLA2--MAP3K11', 'NVL--ENAH', 'KAT6A--PLAT', 'ZC3H11A--CNOT6L', 'CPNE1--WFDC12']"
2,3,BT474,0.9130434782608695,0.5833333333333334,21,23,15,"['ACACA--STAC2', 'RPS6KB1--SNF8', 'STX16--RAE1', 'TRPC4AP--MRPL45', 'TOB1--SYNRG', 'AHCTF1--NAAA', 'VAPB--IKZF3', 'MED1--ACSF2', 'RAB22A--MYO9B', 'MED1--STXBP4', 'STARD3--DOK5', 'GLB1--CMTM7', 'FAM102A--CIZ1', 'SKA2--MYO19', 'PIP4K2B--RAD51C', 'MED13--BCAS3', 'CPNE1--PI3', 'DIDO1--TTI1', 'USP32--MED1', 'LAMP1--MCF2L', 'ZMYND8--CEP250']","['STX16-NPEPL1--RAE1', 'ASTN2--AL354754.1', 'TPM4--SYCE2', 'FITM2--UQCC1', 'PPP1R12A--MGAT4C', 'MEF2D--OR10J1', 'ZFP64--PHACTR3', 'BCAS3--AC034268.2', 'FCHSD2--LRTOMT', 'TRIM37--MYO19', 'CYP4F8--ILVBL', 'AC025048.4--HEATR6', 'PPP1R9A--WDR66', 'NCOA2--ZNF704', 'BRD4--RFX1']"
2,4,BT474,0.8260869565217391,0.7307692307692307,19,23,7,"['ACACA--STAC2', 'RPS6KB1--SNF8', 'TRPC4AP--MRPL45', 'TOB1--SYNRG', 'AHCTF1--NAAA', 'VAPB--IKZF3', 'MED1--ACSF2', 'RAB22A--MYO9B', 'MED1--STXBP4', 'STARD3--DOK5', 'GLB1--CMTM7', 'FAM102A--CIZ1', 'SKA2--MYO19', 'PIP4K2B--RAD51C', 'MED13--BCAS3', 'CPNE1--PI3', 'DIDO1--TTI1', 'USP32--MED1', 'ZMYND8--CEP250']","['TPM4--SYCE2', 'PPP1R12A--MGAT4C', 'MEF2D--OR10J1', 'ZFP64--PHACTR3', 'FCHSD2--LRTOMT', 'TRIM37--MYO19', 'PPP1R9A--WDR66']"
3,1,BT474,0.9565217391304348,0.16793893129770993,22,23,109,"['ACACA--STAC2', 'RPS6KB1--SNF8', 'STX16--RAE1', 'TOB1--SYNRG', 'VAPB--IKZF3', 'MED1--ACSF2', 'MED1--STXBP4', 'SKA2--MYO19', 'ZMYND8--CEP250', 'THRA--AC090627.1', 'TRPC4AP--MRPL45', 'AHCTF1--NAAA', 'STARD3--DOK5', 'RAB22A--MYO9B', 'GLB1--CMTM7', 'FAM102A--CIZ1', 'MED13--BCAS3', 'PIP4K2B--RAD51C', 'CPNE1--PI3', 'USP32--MED1', 'DIDO1--TTI1', 'LAMP1--MCF2L']","['THRA--THRA1/BTR', 'NPEPPS--TBC1D3', 'ERBB2--GRB7', 'NCL--SET', 'ACACA--ERBB2', 'ASTN2--AL354754.1', 'TPM4--SYCE2', 'FITM2--UQCC1', 'MEF2D--OR10J1', 'PPP1R12A--MGAT4C', 'RBM12--PI3', 'TRIM37--MYO19', 'BCAS3--AC034268.2', 'FCHSD2--LRTOMT', 'AC025048.4--HEATR6', 'STIP1--ENSG00000225536', 'PDE3A--RNR2', 'UBB--ENSG00000228253', 'GNAQ--ENSG00000214077', 'STX16-NPEPL1--RAE1', 'ENSG00000250859--HNRNPK', 'ASTN2--ENSG00000231901', 'BCAS1--AL357558.1', 'BCAS1--LINC01522', 'VAPB--AL499627.1', 'VAPB--MIR1-1HG-AS1', 'TPD52L2--DNAJC5', 'PSEN2--TRAPPC11', 'PSEN2--AC108477.1', 'BCAS1--B4GALNT2P1', 'BCAS1--B4GALNT2', 'ZC3H11A--CNOT6L', 'ZBED6--CNOT6L', 'RABGAP1L--RPS27P5', 'RABGAP1L--PSEN2', 'PPP6R3--SHANK2', 'PWRN1--AC023449.1', 'PWRN1--ATP10A', 'CBFA2T2--RPSAP1', 'CBFA2T2--NFATC2', 'PLEKHA6--RF00571', 'PLEKHA6--AC018710.1', 'AC016205.1--TMEM241', 'NUMA1--FCHSD2', 'AL109827.1--PI3', 'HEATR6--TEX14', 'MGAT4C--OTOGL', 'NCOA2--ZNF704', 'SCARB2--AL359837.1', 'SCARB2--LARP7P1', 'AC021193.1--MPZL1', 'NDUFB5P1--MPZL1', 'ZNF185--GABRA3', 'ARRB1--YAP1', 'ARRB1--AP000942.1', 'SNX25--LINC01353', 'SNX25--LINC01136', 'FCHSD2--AP000812.5', 'KAT6A--PLAT', 'PTRH2--BCAS3', 'GABRB3--RYR3', 'PPP1R9A--WDR66', 'CPNE1--WFDC12', 'CBFA2T2--IKZF3', 'AL109827.1--WFDC12', 'FBXL20--GALNT17', 'MEF2D--AL663023.1', 'AL670729.1--ASH1L', 'RB1CC1--PDCL2P2', 'AC005771.1--CACNG5', 'AC007423.1--CACNG5', 'POLA2--MAP3K11', 'AP000944.2--MAP3K11', 'ACSF2--C17orf112', 'ACSF2--MTCO1P40', 'THRA--SKAP1', 'HEATR6--KCNJ2', 'HEATR6--CALM2P1', 'EPN3--AC091180.5', 'TOM1L1--MTCO1P40', 'TOM1L1--AC034268.2', 'KDM5B--DNAH14', 'GRHL2--AP001330.1', 'GRHL2--RNU7-67P', 'SKA2--TRIM37', 'RB1CC1--SPDYC', 'SLC2A8--TSHZ2', 'ARPC4-TTLL3--SETD5', 'ARPC4--SETD5', 'SCARB2--PRELP', 'INPP4B--AC139713.2', 'AC015813.6--AC005771.1', 'AC015813.6--AC007423.1', 'AC022730.2--ZNF704', 'RBM12--WFDC12', 'PTRH2--PRKCA', 'NVL--ENAH', 'BRD4--RFX1', 'USP32--AC034268.2', 'BCAS3--TANC2', 'BCAS3--AC015923.1', 'ERN1--AC053481.3', 'ASTN2--AL160272.1', 'ASTN2--AL160272.2', 'TADA2A--AL589743.4', 'SDHD--LINC02550', 'AP002884.3--LINC02550', 'PLEKHA6--LINC01680', 'PLEKHA6--AL359081.1']"
3,2,BT474,0.9130434782608695,0.65625,21,23,11,"['ACACA--STAC2', 'RPS6KB1--SNF8', 'STX16--RAE1', 'TOB1--SYNRG', 'VAPB--IKZF3', 'MED1--ACSF2', 'MED1--STXBP4', 'SKA2--MYO19', 'ZMYND8--CEP250', 'TRPC4AP--MRPL45', 'AHCTF1--NAAA', 'STARD3--DOK5', 'RAB22A--MYO9B', 'GLB1--CMTM7', 'FAM102A--CIZ1', 'MED13--BCAS3', 'PIP4K2B--RAD51C', 'CPNE1--PI3', 'USP32--MED1', 'DIDO1--TTI1', 'LAMP1--MCF2L']","['THRA--THRA1/BTR', 'ASTN2--AL354754.1', 'TPM4--SYCE2', 'FITM2--UQCC1', 'MEF2D--OR10J1', 'PPP1R12A--MGAT4C', 'RBM12--PI3', 'TRIM37--MYO19', 'BCAS3--AC034268.2', 'FCHSD2--LRTOMT', 'STX16-NPEPL1--RAE1']"
3,3,BT474,0.6521739130434783,0.8823529411764706,15,23,2,"['ACACA--STAC2', 'RPS6KB1--SNF8', 'STX16--RAE1', 'TOB1--SYNRG', 'VAPB--IKZF3', 'MED1--ACSF2', 'MED1--STXBP4', 'SKA2--MYO19', 'ZMYND8--CEP250', 'TRPC4AP--MRPL45', 'AHCTF1--NAAA', 'RAB22A--MYO9B', 'GLB1--CMTM7', 'PIP4K2B--RAD51C', 'USP32--MED1']","['PPP1R12A--MGAT4C', 'TRIM37--MYO19']"
3,4,BT474,0.34782608695652173,1.0,8,23,0,"['ACACA--STAC2', 'RPS6KB1--SNF8', 'TOB1--SYNRG', 'VAPB--IKZF3', 'MED1--ACSF2', 'MED1--STXBP4', 'SKA2--MYO19', 'ZMYND8--CEP250']",[]
4,1,BT474,0.9130434782608695,0.2413793103448276,21,23,66,"['ACACA--STAC2', 'RPS6KB1--SNF8', 'STX16--RAE1', 'THRA--AC090627.1', 'ZMYND8--CEP250', 'TOB1--SYNRG', 'TRPC4AP--MRPL45', 'MED1--STXBP4', 'AHCTF1--NAAA', 'STARD3--DOK5', 'RAB22A--MYO9B', 'MED1--ACSF2', 'GLB1--CMTM7', 'VAPB--IKZF3', 'FAM102A--CIZ1', 'MED13--BCAS3', 'PIP4K2B--RAD51C', 'SKA2--MYO19', 'USP32--MED1', 'DIDO1--TTI1', 'CPNE1--PI3']","['THRA--THRA1/BTR', 'NPEPPS--TBC1D3', 'ACACA--ERBB2', 'ASTN2--AL354754.1', 'FITM2--UQCC1', 'MEF2D--OR10J1', 'PPP1R12A--MGAT4C', 'TRIM37--MYO19', 'BCAS3--AC034268.2', 'PDE3A--RNR2', 'GNAQ--ENSG00000214077', 'STX16-NPEPL1--RAE1', 'VAPB--AL499627.1', 'VAPB--MIR1-1HG-AS1', 'TPD52L2--DNAJC5', 'PSEN2--TRAPPC11', 'PSEN2--AC108477.1', 'BCAS1--B4GALNT2P1', 'BCAS1--B4GALNT2', 'ZC3H11A--CNOT6L', 'ZBED6--CNOT6L', 'RABGAP1L--RPS27P5', 'RABGAP1L--PSEN2', 'PPP6R3--SHANK2', 'PWRN1--AC023449.1', 'PWRN1--ATP10A', 'CBFA2T2--RPSAP1', 'CBFA2T2--NFATC2', 'PLEKHA6--RF00571', 'PLEKHA6--AC018710.1', 'AC016205.1--TMEM241', 'NUMA1--FCHSD2', 'AL109827.1--PI3', 'HEATR6--TEX14', 'MGAT4C--OTOGL', 'NCOA2--ZNF704', 'SCARB2--LARP7P1', 'AC021193.1--MPZL1', 'NDUFB5P1--MPZL1', 'RBM12--PI3', 'ZNF185--GABRA3', 'ARRB1--YAP1', 'ARRB1--AP000942.1', 'SNX25--LINC01353', 'SNX25--LINC01136', 'FCHSD2--LRTOMT', 'FCHSD2--AP000812.5', 'KAT6A--PLAT', 'PTRH2--BCAS3', 'CBFA2T2--IKZF3', 'FBXL20--GALNT17', 'RB1CC1--PDCL2P2', 'POLA2--MAP3K11', 'AP000944.2--MAP3K11', 'ACSF2--C17orf112', 'ACSF2--MTCO1P40', 'THRA--SKAP1', 'KDM5B--DNAH14', 'RB1CC1--SPDYC', 'ARPC4-TTLL3--SETD5', 'ARPC4--SETD5', 'PTRH2--PRKCA', 'BRD4--RFX1', 'USP32--AC034268.2', 'BCAS3--TANC2', 'BCAS3--AC015923.1']"
4,2,BT474,0.782608695652174,0.6923076923076923,18,23,8,"['ACACA--STAC2', 'RPS6KB1--SNF8', 'STX16--RAE1', 'ZMYND8--CEP250', 'TOB1--SYNRG', 'TRPC4AP--MRPL45', 'MED1--STXBP4', 'AHCTF1--NAAA', 'STARD3--DOK5', 'RAB22A--MYO9B', 'MED1--ACSF2', 'GLB1--CMTM7', 'VAPB--IKZF3', 'FAM102A--CIZ1', 'MED13--BCAS3', 'PIP4K2B--RAD51C', 'SKA2--MYO19', 'DIDO1--TTI1']","['THRA--THRA1/BTR', 'ASTN2--AL354754.1', 'FITM2--UQCC1', 'MEF2D--OR10J1', 'PPP1R12A--MGAT4C', 'TRIM37--MYO19', 'BCAS3--AC034268.2', 'STX16-NPEPL1--RAE1']"
4,3,BT474,0.4782608695652174,0.8461538461538461,11,23,2,"['ACACA--STAC2', 'RPS6KB1--SNF8', 'STX16--RAE1', 'ZMYND8--CEP250', 'TOB1--SYNRG', 'TRPC4AP--MRPL45', 'MED1--STXBP4', 'RAB22A--MYO9B', 'MED1--ACSF2', 'VAPB--IKZF3', 'SKA2--MYO19']","['PPP1R12A--MGAT4C', 'TRIM37--MYO19']"
4,4,BT474,0.08695652173913043,1.0,2,23,0,"['ACACA--STAC2', 'RPS6KB1--SNF8']",[]
5,1,BT474,0.7391304347826086,0.38636363636363635,17,23,27,"['THRA--AC090627.1', 'ZMYND8--CEP250', 'ACACA--STAC2', 'RPS6KB1--SNF8', 'TOB1--SYNRG', 'STX16--RAE1', 'TRPC4AP--MRPL45', 'MED1--STXBP4', 'AHCTF1--NAAA', 'RAB22A--MYO9B', 'MED1--ACSF2', 'GLB1--CMTM7', 'VAPB--IKZF3', 'MED13--BCAS3', 'PIP4K2B--RAD51C', 'SKA2--MYO19', 'CPNE1--PI3']","['THRA--THRA1/BTR', 'NPEPPS--TBC1D3', 'MEF2D--OR10J1', 'STX16-NPEPL1--RAE1', 'VAPB--AL499627.1', 'VAPB--MIR1-1HG-AS1', 'TPD52L2--DNAJC5', 'PSEN2--TRAPPC11', 'PSEN2--AC108477.1', 'BCAS1--B4GALNT2P1', 'BCAS1--B4GALNT2', 'PPP6R3--SHANK2', 'CBFA2T2--RPSAP1', 'CBFA2T2--NFATC2', 'BCAS3--AC034268.2', 'NUMA1--FCHSD2', 'SNX25--LINC01353', 'SNX25--LINC01136', 'PTRH2--BCAS3', 'FBXL20--GALNT17', 'RB1CC1--PDCL2P2', 'POLA2--MAP3K11', 'AP000944.2--MAP3K11', 'ACSF2--C17orf112', 'ACSF2--MTCO1P40', 'RB1CC1--SPDYC', 'BRD4--RFX1']"
5,2,BT474,0.5652173913043478,0.8666666666666667,13,23,2,"['ZMYND8--CEP250', 'ACACA--STAC2', 'RPS6KB1--SNF8', 'TOB1--SYNRG', 'STX16--RAE1', 'MED1--STXBP4', 'AHCTF1--NAAA', 'RAB22A--MYO9B', 'MED1--ACSF2', 'GLB1--CMTM7', 'VAPB--IKZF3', 'MED13--BCAS3', 'PIP4K2B--RAD51C']","['THRA--THRA1/BTR', 'MEF2D--OR10J1']"
5,3,BT474,0.13043478260869565,1.0,3,23,0,"['ACACA--STAC2', 'MED1--STXBP4', 'VAPB--IKZF3']",[]
5,4,BT474,0.0,0,0,23,0,[],[]
1,1,KPL4,1.0,0.014705882352941176,3,3,201,"['BSG--NFIX', 'NOTCH1--NUP214', 'PPP1R12A--SEPT10']","['URM1--ATP8A2', 'PPP1R12A--SEPTIN10', 'SCNN1A--TNFRSF1A', 'PCBP3--AP001042.2', 'LCAL1--HMGN3', 'HMGB1--UBE4B', 'TESMIN--CDK12', 'SET--NCL', 'PPP1R1B--STARD3', 'NPEPPS--TBC1D3', 'AC022784.1--Z98257.1', 'AC121764.1--WNT5A', 'ERBB2--GRB7', 'SMG1--NPIPB5', 'FBXL20--STAC2', 'NPM1--SET', 'COQ8B--NUMBL', 'EEF1A1--RPL7A', 'ERBB2--FTL', 'EEF1A1--GAPDH', 'H19--FTL', 'NSF--LRRC37A3', 'PTGES2--SLC25A25-AS1', 'INIP--C5', 'AC113414.1--AC121764.1', 'ACE2--PIR', 'EDF1--TPRN', 'HSP90AA1--PTMA', 'PPP1R1B--EIF3D', 'C5--CDC26', 'DNAL1--SAPCD2', 'EEF1D--NAPRT', 'AL139317.3--AC027290.2', 'BSG--NFIC', 'C19MC--GSR', 'KCNK2--PITPNC1', 'LRRC8A--SET', 'QSOX2--RNF165', 'SAPCD2--ZKSCAN1', 'SIDT2--TAGLN', 'CIRBP--FAM174C', 'CLTA--RGP1', 'ERBB2--ACTB', 'FTL--APP', 'GABRD--SLC35E1', 'RPL38--TTYH2', 'WASF3--COL5A1', 'AC006064.6--NCL', 'AC007068.1--NCL', 'AC011473.4--KLK7', 'AP001005.3--PCA3', 'C5--C9ORF170', 'C5--FAM120A', 'C5--NR4A3', 'DDX6--RPL7L1', 'DUS4L--BCAP29', 'EEF1A1--GOLGA4', 'EHMT1--NTNG2', 'ERH--AC092979.1', 'FGFR2--MKNK2', 'GRINA--ASS1', 'HACL1--COLQ', 'KCNK6--PRPF38A', 'KLHDC4--CTSA', 'KRT7--RPS6', 'LHFPL5--CLPSL1', 'MIR3945HG--SAPCD2', 'PANTR1--LCLAT1', 'PVT1--ADCY8', 'RNF213--EEF1A1', 'VWA1--ATAD3C', 'ZNF609--ALDH3A2', 'CARNMT1--C9ORF40', 'CCDC32--CBX3', 'CENPX--DUS1L', 'KRIT1--AC000120.2', 'MED12--NLGN3', 'MED8--ELOVL1', 'NELFB--TOR4A', 'PSMB7--SWI5', 'TKT--ERBB2', 'UBA2--WTIP', 'SET--ANP32E', 'LINC02159--ATP10B', 'TUBBP5--PCA3', 'INIP--NR4A3', 'NR4A3--GAS2L1P2', 'ZNF571-AS1--ZNF507', 'PRKCH--AL355916.1', 'C3orf67--FHIT', 'AC073529.1--MID1', 'AC240565.1--AP006222.1', 'DPY19L1P1--AVL9', 'OR51S1--TP53I11', 'C5--C9orf170', 'INIP--CDC26', 'ENSG00000213225--NOC2L', 'DPYD--SEC63', 'ENSG00000234741--MDN1', 'IRAK3--RBMS1', 'LIMS1--LIMS4', 'GNAQ--ENSG00000214077', 'LMTK2--TBC1D5', 'STAU2-AS1--ENSG00000227581', 'ENSG00000234741--GABRB3', 'PPFIA1--MSL1', 'FAT3--SMCHD1', 'MTUS2--NOTCH1', 'ZNF676--ENSG00000198597', 'ENSG00000232368--FTL', 'PCBP3--ENSG00000229986', 'MUC20--ENSG00000236833', 'ENSG00000249026--ETF1', 'ETF1--CTNNA1', 'CDKN2A--CDKN2B-AS1', 'GBA2--CLTA', 'PRUNE2--TUBBP5', 'SHC3--ABCA1', 'SWI5--COL5A1', 'PDE3A--RNR2', 'AC093523.1--C9orf129', 'CTNNA1--ETF1', 'SMCHD1--RPL7AP57', 'SMCHD1--NDUFB11P1', 'RPL7AP57--SMCHD1', 'NDUFB11P1--SMCHD1', 'PCBP3--AP001042.1', 'RNU6ATAC--CACNA1B', 'BX649601.1--CACNA1B', 'ZNF676--ZNF536', 'NOTCH1--MTUS2', 'BRWD1--TEKT4P2', 'NSD2--OR7E43P', 'NSD2--OTOP1', 'BRWD1--AC134878.2', 'BRWD1--ANKRD20A6P', 'N4BP2L2--AC069277.1', 'N4BP2L2--GRM7-AS3', 'MSRB3--AC073530.1', 'MSRB3--RAB11AP2', 'DLAT--NXPE2', 'DLAT--RF01293', 'CENPBD1P1--HAVCR1P1', 'CENPBD1P1--ERVK-28', 'WIPF2--AP007216.2', 'WIPF2--AP003555.3', 'CDC14B--AL353764.1', 'CDC14B--ROR2', 'MIR1299--ABCA1', 'FRG1HP--ABCA1', 'NEK6--AL353611.1', 'NEK6--AL353611.2', 'HDLBP--RNU6ATAC19P', 'HDLBP--AC009962.1', 'NR4A3--AL392185.1', 'NR4A3--AL354861.2', 'ABCA1--SHC3', 'CHODL--DONSON', 'C9orf129--AC006288.1', 'C9orf129--LINC01613', 'ANO1--MSRB3', 'ANKRD27--HAVCR1P1', 'ANKRD27--ERVK-28', 'CDC26--C9orf170', 'PCBP3--ETS2', 'AP001042.1--AL390962.1', 'AP001042.1--RNA5SP291', 'AC093523.1--FAM120A', 'VGLL4--ATG7', 'NUP37--CARSP2', 'NUP37--TRPS1', 'C9orf78--ABCA1', 'GOLGA2--FCN1', 'AL445531.1--FANCC', 'AL445531.1--PTCH1', 'VGLL4--HRH1', 'ZBTB43--MTUS2', 'ZNF98--ZNF98', 'GOLGA2--AL353611.1', 'CENPP--NR4A3', 'NCBP1--FANCC', 'NCBP1--PTCH1', 'NIF3L1--KCTD18', 'ZHX2--ZFPM2', 'INIP--C9orf170', 'INIP--FAM120A', 'ZNF782--ZNF510', 'C5--GAS2L1P2', 'XYLT2--ACSF2', 'AC012313.4--ZNF132', 'LRSAM1--RALGPS1', 'ZNF540--ZNF507', 'GSDMC--AC103718.1', 'AP000487.1--PPFIA1', 'MTRNR2L8--MTRNR2L1', 'MUC20-OT1--MUC20P1', 'MUC20-OT1--AC233280.19', 'MUC20--MUC20P1', 'MUC20--AC233280.19', 'RBMX--RBMXL1', 'AKR1B10P1--AKR1B10P2']"
1,2,KPL4,1.0,0.09375,3,3,29,"['BSG--NFIX', 'NOTCH1--NUP214', 'PPP1R12A--SEPT10']","['URM1--ATP8A2', 'PPP1R12A--SEPTIN10', 'PCBP3--AP001042.2', 'TESMIN--CDK12', 'ERBB2--GRB7', 'FBXL20--STAC2', 'INIP--C5', 'EDF1--TPRN', 'C5--CDC26', 'KCNK2--PITPNC1', 'CLTA--RGP1', 'WASF3--COL5A1', 'C5--FAM120A', 'C5--NR4A3', 'EHMT1--NTNG2', 'LHFPL5--CLPSL1', 'PVT1--ADCY8', 'CENPX--DUS1L', 'PSMB7--SWI5', 'LINC02159--ATP10B', 'TUBBP5--PCA3', 'INIP--NR4A3', 'NR4A3--GAS2L1P2', 'ZNF571-AS1--ZNF507', 'C3orf67--FHIT', 'DPY19L1P1--AVL9', 'C5--C9orf170', 'INIP--CDC26', 'PPFIA1--MSL1']"
1,3,KPL4,0.6666666666666666,0.11764705882352941,2,3,15,"['BSG--NFIX', 'NOTCH1--NUP214']","['URM1--ATP8A2', 'TESMIN--CDK12', 'FBXL20--STAC2', 'INIP--C5', 'EDF1--TPRN', 'C5--CDC26', 'KCNK2--PITPNC1', 'CLTA--RGP1', 'WASF3--COL5A1', 'C5--FAM120A', 'C5--NR4A3', 'EHMT1--NTNG2', 'PVT1--ADCY8', 'CENPX--DUS1L', 'NR4A3--GAS2L1P2']"
1,4,KPL4,0.6666666666666666,0.3333333333333333,2,3,4,"['BSG--NFIX', 'NOTCH1--NUP214']","['URM1--ATP8A2', 'TESMIN--CDK12', 'INIP--C5', 'C5--NR4A3']"
2,1,KPL4,1.0,0.13636363636363635,3,3,19,"['BSG--NFIX', 'NOTCH1--NUP214', 'PPP1R12A--SEPT10']","['NPEPPS--TBC1D3', 'PCBP3--AP001042.2', 'INIP--C5', 'EHMT1--NTNG2', 'WASF3--COL5A1', 'CENPX--DUS1L', 'AC093523.1--C9orf129', 'SMCHD1--RPL7AP57', 'SMCHD1--NDUFB11P1', 'RNU6ATAC--CACNA1B', 'BX649601.1--CACNA1B', 'ZNF676--ZNF536', 'NSD2--OR7E43P', 'NSD2--OTOP1', 'C5--FAM120A', 'C5--C9orf170', 'C9orf78--ABCA1', 'INIP--CDC26', 'DPY19L1P1--AVL9']"
2,2,KPL4,1.0,0.42857142857142855,3,3,4,"['BSG--NFIX', 'NOTCH1--NUP214', 'PPP1R12A--SEPT10']","['INIP--C5', 'EHMT1--NTNG2', 'WASF3--COL5A1', 'CENPX--DUS1L']"
2,3,KPL4,0.3333333333333333,1.0,1,3,0,['BSG--NFIX'],[]
2,4,KPL4,0.3333333333333333,1.0,1,3,0,['BSG--NFIX'],[]
3,1,KPL4,0.0,0,0,3,0,[],[]
3,2,KPL4,0.0,0,0,3,0,[],[]
3,3,KPL4,0.0,0,0,3,0,[],[]
3,4,KPL4,0.0,0,0,3,0,[],[]
4,1,KPL4,0.0,0,0,3,0,[],[]
4,2,KPL4,0.0,0,0,3,0,[],[]
4,3,KPL4,0.0,0,0,3,0,[],[]
4,4,KPL4,0.0,0,0,3,0,[],[]
5,1,KPL4,0.0,0,0,3,0,[],[]
5,2,KPL4,0.0,0,0,3,0,[],[]
5,3,KPL4,0.0,0,0,3,0,[],[]
5,4,KPL4,0.0,0,0,3,0,[],[]
1,1,MCF7,0.8666666666666667,0.013118062563067608,13,15,978,"['RPS6KB1--VMP1', 'ARFGEF2--SULF2', 'ADAMTS19--SLC27A6', 'RPS6KB1--DIAPH3', 'SMARCA4--CARM1', 'AC099850.1--VMP1', 'PAPOLA--AK7', 'MYO9B--FCHO1', 'AHCYL1--RAD51C', 'MYH9--EIF3D', 'SULF2--PRICKLE2', 'ATXN7L3--FAM171A2', 'BCAS4--BCAS3']","['BCAS3--BCAS4', 'TXLNG--SYAP1', 'GCN1--MSI1', 'TANC2--CA4', 'DEPDC1B--ELOVL7', 'LINC00052--AC103871.1', 'SMG1--NPIPB5', 'TAF4--BRIP1', 'AP000974.1--SYTL2', 'MYO6--SENP6', 'RSBN1--AP4B1-AS1', 'AC103770.1--IRAK3', 'NAV1--GPR37L1', 'ACTB--AL359924.1', 'AC053481.3--DIAPH3', 'BCAS4--ZMYND8', 'POP1--MATN2', 'NPEPPS--TBC1D3', 'AC011921.1--PLPPR5', 'EIF3H--RAD21', 'ESR1--CCDC170', 'GATAD2B--NUP210L', 'EEF1D--NAPRT', 'KRT8--EEF1A1', 'AL845472.2--AL512625.2', 'ATP1A1--ZFP64', 'TBL1XR1--RGS17', 'KRT8--SLC7A5', 'MTAP--CDKN2B-AS1', 'REX1BD--TMEM59L', 'DSCAM-AS1--GLTP', 'SIDT2--TAGLN', 'SMARCC1--EMCN', 'AC005324.3--TRIM16L', 'AL031595.3--PLEKHB2', 'AC021504.1--SYT1', 'MALRD1--PLXDC2', 'RAD51C--ATXN7', 'AC019209.2--AC019209.3', 'CCDC32--CBX3', 'PDE8A--SCAND2P', 'WDR72--CCDC162P', 'EIF1--KRT18', 'GABRD--SLC35E1', 'KRT8--NME2', 'BCAS4--LINC01441', 'BMERB1--ABCC1', 'MET--CCDC162P', 'CACNA1A--TAF13', 'COQ8B--NUMBL', 'KRT8--EEF1A2', 'KRT8--PLEC', 'LEMD3--AC002375.1', 'AC140504.1--ABCC1', 'KCNMB2-AS1--AC092142.1', 'NAIP--OCLN', 'NPM1--PTMA', 'RPLP1--KRT8', 'BCAS3--ATXN7', 'C6ORF47--BAG6', 'GATAD2A--MAU2', 'RAB37--SLC9A3R1', 'TTC6--AL121790.1', 'AL139023.1--TBCK', 'ARRB1--KLHL35', 'ATP9A--AL357558.2', 'FTH1--HMGN2', 'GOLT1A--KISS1', 'PARD6B--BCAS3', 'PLCG1--TOP1', 'UBE2E2--LINC02005', 'AC211485.1--USP14', 'CTBS--GNG5', 'KRT8--RPL8', 'NONO--KRT8', 'PITPNM2--DDX42', 'PPIP5K1--CATSPER2', 'SLC3A2--KRT8', 'SLC7A5--RPL39', 'SNRPD2--KRT8', 'AC004980.3--POM121C', 'AC010173.1--SLC16A7', 'ACTB--KRT8', 'CIRBP--FAM174C', 'FTH1--AL135905.2', 'GFRA1--SYNPO', 'JPT1--NT5C', 'KRT8--AGRN', 'KRT8--LLGL2', 'KRT8--RPL35', 'LIN52--HERC4', 'MTG1--SCART1', 'TKT--KRT8', 'AC092115.2--DSCAM-AS1', 'AC103770.1--TMEM64', 'ADAMTS19--MINAR2', 'AL133410.1--NPR2', 'CLN6--CALML4', 'ELP2--SLC39A6', 'KRT8--AC006064.4', 'KRT8--CD24', 'KRT8--COX6A1', 'KRT8--H3F3B', 'KRT8--MYH14', 'KRT8--NUMA1', 'LINC02506--TPH2', 'LNX2--ARHGAP11A', 'MBOAT7--KRT8', 'MFGE8--HAPLN3', 'PIGL--TRA@', 'PLEC--KRT18', 'SARNP--MMP19', 'SCARB1--UBC', 'TMOD3--SGO2', 'TPM1--KRT8', 'AC009315.1--DISC1', 'AC093512.2--KRT8', 'ADGRE2--ADGRE5', 'ANP32A--NCL', 'AP1M2--Z83841.1', 'CANX--KRT8', 'EEF1A1--GAPDH', 'EEF1A1--KRT19', 'GAPDH--KRT18', 'GIPC1--KRT8', 'GNAS--KRT18', 'GREB1--KRT8', 'HACL1--COLQ', 'HIST1H2AC--HIST1H2BD', 'KRT8--DSCAM-AS1', 'KRT8--GOLGA2', 'LINC00893--IDS', 'MFSD3--LRRC14', 'MIF-AS1--PKM', 'PMS2--POLR2J3', 'PTMA--PELP1', 'SLC7A2--AP002490.1', 'SLC7A5--BCAP31', 'SLC7A5--SRRM2', 'TIMM23B--AC022400.4', 'YBX1--KRT8', 'AC027601.6--AC027601.1', 'ADNP--ACTB', 'ARL16--CCND3', 'ATXN2L--KRT8', 'C19ORF47--AKT2', 'CALM3--MYL6', 'CD24--WWOX', 'DENND2C--AC005914.1', 'DYNC1H1--KRT8', 'EPN1--KRT8', 'FKBP8--PTMA', 'GAPDH--RAD21', 'GSE1--KRT8', 'H1FX--KRT8', 'H3F3B--PKM', 'HIPK1--DENND2C', 'HSPE1--MOB4', 'KAT8--GIT2', 'KRT8--CANT1', 'KRT8--DNAJC5', 'KRT8--HNRNPH3', 'KRT8--HSPB1', 'KRT8--RPS19', 'KRT8--SQSTM1', 'LINC01393--MET', 'MED8--ELOVL1', 'MMP25--IL32', 'NCOA3--LINC01661', 'NOTCH1--KRT8', 'NOTCH3--KRT8', 'NUMBL--MAML2', 'P2RY6--ARHGEF17', 'PNPLA7--DPH7', 'PTGES2--SLC25A25-AS1', 'RAB3IP--SCFD1', 'RSBN1--DCLRE1B', 'SMARCA4--KRT8', 'SNX32--ACTB', 'THAP11--ATXN3', 'UBA2--WTIP', 'USP6--DISC1', 'AC004596.1--AC003102.1', 'AC004784.1--IGSF1', 'AC008592.5--PRR11', 'AC021087.5--KRT8', 'AC027277.1--DSCAM-AS1', 'AC027801.1--AC027801.3', 'AC090282.1--CASC8', 'AC104452.1--NUP88', 'AL096677.1--AL390037.1', 'AL137856.1--PTPN22', 'AL162595.2--LINC02814', 'ANP32B--APP', 'ANP32B--RPS28', 'AP000892.4--C9ORF78', 'APPBP2--KRT8', 'ATP13A1--KRT8', 'ATP6V0D1--NUP43', 'ATXN7--BCAS1', 'BAIAP2L2--SLC16A8', 'BASP1--AC105999.1', 'BAZ2A--KRT8', 'BRD2--KRT8', 'CDC37--KRT8', 'CEP164--KRT8', 'CHD4--KRT8', 'CR381670.2--PSMD14', 'CRLF2--FOXRED2', 'DAG1--KRT8', 'DDX23--KRT8', 'DERL1--AC104316.2', 'DHCR24--KRT8', 'DSCAM-AS1--SLC25A3', 'DUS4L--BCAP29', 'EEF1A2--GAPDH', 'EEF2--AHCY', 'EIF1--PPIA', 'EIF3D--HIF1AN', 'FAM87A--FAM87B', 'FBXO25--FAM157B', 'FOXP2--SRP14', 'FTH1--AC068580.4', 'FTH1--MLPH', 'GNAS--ITPK1', 'GRN--ACTG1', 'GSN--SMIM22', 'IGF1R--KRT8', 'JSRP1--RPS28', 'KRT18--POLR2A', 'KRT19--TFF1', 'KRT8--MAP4', 'KRT8--MZF1', 'KRT8--PCNX3', 'LINC00963--KAT8', 'LINC01004--LHFPL3-AS2', 'NCL--OS9', 'NCOA3--TMEM229A', 'NME2--PKM', 'NOP9--LTB4R', 'NXPH4--SHMT2', 'PLAT--RABGAP1', 'PLCG1--KRT8', 'PPIA--COX6C', 'PPIC--ZSWIM8', 'PRMT1--KRT18', 'RMND5A--ANAPC1', 'RPL18--ACTB', 'RPS6--B2M', 'RPS8--GAPDH', 'SART3--CORO1C', 'SDHA--KRT8', 'SF3B3--SCD', 'SLC24A1--PTMA', 'SLC7A5--RPS21', 'SPINT2--KRT18', 'SRP14--AC098650.1', 'SRP14--RBMS3', 'SYTL2--PICALM', 'TACSTD2--OMA1', 'TMSB4X--SLC27A4', 'TRADD--B3GNT9', 'UBA52--KRT8', 'UFD1--C22ORF39', 'USP14--HSPA4L', 'USP34--KRT8', 'VAV3--AP4B1-AS1', 'ZNF433-AS1--SDHA', 'ZNF675--PPHLN1', 'AC005537.1--SLC15A2', 'AC021087.5--AHRR', 'AC027682.4--AC027682.6', 'AC073896.2--KRT8', 'AC087499.2--DIAPH3', 'AIMP2--ANKRD61', 'AK3--CDC37L1-DT', 'AL049839.3--SERPINA3', 'ANKS1A--UHRF1BP1', 'AP000561.1--DNMT1', 'ATF7IP--GNAS', 'ATP6AP1--FAM50A', 'BCAS3--PPM1D', 'BRIP1--SLC3A2', 'CDKN3--AC020651.2', 'CNOT1--KRT8', 'COX6C--PDIA3', 'CPSF6--CAMSAP2', 'CPT1A--KRT8', 'CYB5D1--CHD3', 'DOCK1--CDK2AP1', 'DTNA--CASC8', 'EEF1D--APLP2', 'EIF3E--KRT8', 'EIF3G--KRT8', 'EMC3--KRT8', 'EPCAM--MSH2', 'EWSR1--FUS', 'FBXL4--REV3L', 'FBXO46--KRT8', 'GANAB--SLC3A2', 'GINS3--LINC02137', 'GPR107--KRT8', 'HDLBP--AC068580.4', 'IP6K2--KRT8', 'KIAA0100--ALDOA', 'KNTC1--KRT8', 'LINC00052--PTPN9', 'LLGL2--EWSR1', 'MALAT1--DOCK1', 'MB21D2--FGF12', 'MECP2--IRAK1', 'MED12--NLGN3', 'MESD--AC136489.1', 'MIR4713HG--AC020891.2', 'NCOA3--GNAS', 'NCOA3--HNRNPH1', 'OAZ1--SPPL2B', 'PARD6B--BCAS4', 'PCBP1-AS1--KRT8', 'PLPBP--AC021351.1', 'PRKAA1--TTC33', 'PRPF3--KRT8', 'PTPA--KRT8', 'RNASET2--KRT8', 'RNF121--IL18BP', 'RPL19--FAM104A', 'RPL27--IFI35', 'RPL37A--GNAS', 'RPL38--TTYH2', 'RRBP1--PDCD4', 'SAE1--KRT8', 'SAR1B--KRT8', 'SATB1-AS1--PTPDC1', 'SERP1--KRT8', 'SHKBP1--KRT8', 'SHROOM3--KRT8', 'SLC25A24--NBPF6', 'SLC2A11--MIF', 'SLC3A2--COX4I1', 'SPIN1--GNAS', 'TEX14--PTPRG', 'TJP2--KRT8', 'TMSB15B-AS1--RAB9B', 'UBTD2--STK10', 'ZNF337-AS1--SAMMSON', 'ACCS--EXT2', 'ARL6IP1--RPS15A', 'BCAS4--AURKA', 'BPTF--LRRC37A2', 'CSE1L--ARFGEF2', 'RAD51AP1--DYRK4', 'SLC29A1--HSP90AB1', 'TRIM3--HPX', 'UBE2V1--TBX2', 'UBE2V1--TBX2-AS1', 'USP31--CRYL1', 'VPS35L--IQCK', 'ZMYND8--USP32', 'SLC25A24--NBPF4', 'BCAS3--REG4', 'GIGYF2--EIF4E2', 'NPIPB5--SMG1', 'GBF1--MACROD2', 'PTMA--HSP90AB1', 'SPTLC1--AL445231.1', 'NPM1--SET', 'PTMA--PTMS', 'ATXN3--STARD7', 'SET--ANP32B', 'RLN1--RLN2', 'DDX6--RPL7L1', 'GRHL2--AP001330.1', 'HMGB1--SET', 'TMPO--ZNF426', 'YWHAE--MYO1C', 'HIPK1--ACTB', 'HMGB1--PELP1', 'KRT8--RHOBTB3', 'MACROD2--C14ORF132', 'OS9--NCL', 'PTMA--ANP32E', 'RAC1--IGH@', 'RNF125--BRI3BP', 'SCNN1A--TNFRSF1A', 'AC108721.2--CDT1', 'ATXN7--BCAS3', 'C19MC--SMIM14', 'CCDC88C--NAP1L1', 'CENPB--NCL', 'GAS2L3--FGFR1', 'GSR--YIPF6', 'HNRNPUL1--ACTB', 'HUWE1--ACTB', 'KRT8--EMP2', 'KRT8--LRRFIP1', 'KRT8--RPL7A', 'KRT8--SLC7A2', 'NUCKS1--GATA3', 'RBM6--BCAR1', 'SERPINB9--RIPK1', 'SULF2--ACTB', 'TTBK1--PTMA', 'AC006064.6--PRKCSH', 'AC096647.1--SLC25A24', 'ATP9A--AL357558.1', 'B3GNTL1--SLC9A8', 'HAND2-AS1--LINC02269', 'MAN1A2--CBLN4', 'MCM4--KRT8', 'MORF4L2-AS1--TMEM31', 'PTMA--SUPT6H', 'SET--ANP32E', 'EP300--CREBBP', 'FUNDC2--BRCC3', 'KCND3--PPM1E', 'NUMA1--KRT8', 'KRT19--UBC', 'AC006064.4--EEF2', 'TPM3--KRT8', 'NRBP1--KRT8', 'EIF2AK1--KRT8', 'GAPDH--RPL18', 'GAPDH--RPL37', 'ITGB5--KRT8', 'MTHFD1--KRT8', 'ANXA2--KRT8', 'C1ORF43--KRT8', 'ZC3H11A--KRT8', 'EFTUD2--KRT8', 'RPL21--GNAS', 'GAPDH--RPS21', 'KRT8--LMAN2', 'GAPDH--RPS19', 'FTX--KRT8', 'PXDN--KRT8', 'CDC42--KRT8', 'ETFA--KRT8', 'PRC1--KRT8', 'BHLHE40--KRT8', 'GRB2--CSDE1', 'CELF1--KRT8', 'JAK1--KRT8', 'NCOR1--KRT8', 'PKM--RPS10-NUDT3', 'CTCF--KRT8', 'STRN4--KRT8', 'ALDOA--RPL18', 'EHMT1--KRT8', 'FASN--PIEZO1', 'HSD17B4--KRT8', 'ILF3--ACTB', 'MKRN1--KRT8', 'MYO6--KRT8', 'RPS6KB1--CLTC', 'AURKA--KRT8', 'SNX27--KRT8', 'CKAP5--KRT8', 'KRT8--CD63', 'NFE2L1--KRT8', 'SMIM14--ACTG1', 'NCOA3--RACK1', 'KRT8--PDXDC1', 'KRT8--UBE2Z', 'KRT8--PDIA3', 'NCOA3--BCAS3', 'NOL11--KRT8', 'KRT8--NSD1', 'TMSB4X--IGF1R', 'AC016876.2--DSCAM-AS1', 'USP32--APPBP2', 'ELP2--FP236383.1', 'ABCA5--PPP4R1L', 'UBB--UBA52', 'PRKCH--AL355916.1', 'SIAH2-AS1--AC020636.1', 'SMG6--RTN4RL1', 'MACROD2--C14orf132', 'NFATC2--AP000550.3', 'MKRN1--CLDN15', 'HACD2--MYLK', 'COP1--ASTN1', 'AC114498.2--HSP90AB1', 'AL669831.3--MALAT1', 'LRP1B--PLXDC1', 'AC114498.2--RPL13A', 'BPTF--PITPNC1', 'AL133342.1--PREX1', 'AL669831.3--NME2', 'MYH9--AC011505.1', 'PCBP2--ATF7', 'DNAJB6--UBE3C', 'FNIP1--MEIKIN', 'TRIM37--DHX40', 'GREB1--LINC00570', 'ABCA1--KIAA1324', 'SLC25A24--SARS', 'VAV3--AL137856.1', 'NCOA3--AC005808.1', 'CRYL1--GP2', 'NPEPPS--EFCAB13', 'MIR4713HG--GLDN', 'FAM49B--ASAP1', 'AC244154.1--GPR179', 'NFATC2--AL356585.2', 'BCAS3--AMPD1', 'AC005037.1--NIF3L1', 'ARHGAP10--EDNRA', 'MED16--TMEM259', 'TPM3--ENSG00000234337', 'FAM89A--RNF4', 'STIP1--ENSG00000225536', 'IRAK3--RBMS1', 'DENR--ENSG00000250917', 'UBB--ENSG00000228253', 'GNAQ--ENSG00000214077', 'ENSG00000250859--HNRNPK', 'COX6C--RNR2', 'COX6C--ENSG00000198804', 'KHNYN--NYNRIN', 'FBXO42--SZRD1', 'VAV3--RSBN1', 'ENSG00000259349--PLPPR5', 'ATP1A1-AS1--ENSG00000020256', 'TDRKH--ENSG00000163637', 'BEND7--PRPF18', 'DSCAML1--TRAPPC4', 'TUBA1C--SLC16A7', 'SARNP--ENSG00000207339', 'LEMD3--ENSG00000257268', 'PAWR--ENSG00000258048', 'SUCLG2--ENSG00000236349', 'SUDS3--ENSG00000249129', 'GAPDH--ENSG00000235587', 'ENSG00000259087--TTC6', 'FOXA1--TTC6', 'B2M--ENSG00000198804', 'FUS--RNR2', 'SLC7A5--ENSG00000212907', 'TRIM37--RPS6KB1', 'CA4--TANC2', 'USP32--PPM1D', 'TEX14--PTPRT', 'TBX2-AS1--UBE2V1', 'RPL27--SKP1', 'ACTB--ACTG1', 'ACTG1--ACTB', 'PPM1D--ENSG00000212907', 'MYL12A--LOC104968399', 'SLC39A6--ELP2', 'ENSG00000234115--IDH1', 'EIF3E--GRB14', 'TOP1--LOC100128988', 'SULF2--ENSG00000171940', 'SULF2--BMP7', 'ATP9A--ENSG00000234967', 'SULF2--PRICKLE2-AS1', 'RPS21--TAPT1-AS1', 'SYNCRIP--ENSG00000234241', 'SULF2--ENSG00000212907', 'PFKL--ENSG00000212907', 'DHX30--EMCN', 'PARL--ENSG00000217648', 'SLC27A6--ADAMTS19-AS1', 'ENSG00000254024--GRHL2', 'RPL30--ENSG00000198938', 'ENSG00000213225--NOC2L', 'ENSG00000234741--MDN1', 'ENSG00000123009--NME1-NME2', 'RAN--ENSG00000236603', 'MAP2K2--LOC407835', 'CCT5--ENSG00000250444', 'SRPK2--NKAIN3', 'VPS13B--ENSG00000198727', 'SEMA4D--ABCA1', 'PDE4DIP--SGF29', 'ZNF354C--CSDE1', 'GBF1--ENSG00000172264', 'ENSG00000236603--RAN', 'ENSG00000254349--PCBP2', 'RNF6--FOXO1', 'SNX6--RPS19', 'ADAT1--ENSG00000166848', 'RPL30--ENSG00000237676', 'AFF4--HSPA4', 'GRHL2--ENSG00000253282', 'RGS3--BRD3', 'HFM1--RNR2', 'MALAT1--ENSG00000198763', 'MALAT1--RNR2', 'MALAT1--ENSG00000198804', 'MALAT1--ENSG00000198727', 'PDE3A--RNR2', 'CD63--ENSG00000198763', 'HSP90AA1--ENSG00000198886', 'ANKRD30BL--ENSG00000198804', 'ANKRD30BL--ENSG00000198712', 'ANKRD30BL--ENSG00000228253', 'GNAS--ENSG00000198888', 'HNRNPA2B1--RNR2', 'HNRNPA2B1--ENSG00000198712', 'RNR2--ENSG00000198727', 'CSDE1--ZNF354C', 'DDOST--RNR2', 'CSDE1--RNR2', 'CSDE1--ENSG00000198712', 'CSDE1--ENSG00000198888', 'TSG101--YWHAB', 'GAPDH--ADRA1B', 'PABPC1--ENSG00000255642', 'KRT8--RNR2', 'EIF4B--ENSG00000198804', 'NRL--RNR2', 'ALDOA--ENSG00000198804', 'EIF1--ASAP2', 'DDX5--ENSG00000198899', 'SLC39A6--RNR2', 'EEF1A2--ENSG00000198763', 'ENSG00000244342--ASPH', 'MRFAP1--RNR2', 'RACK1--FER', 'CANX--RNR2', 'RACK1--RNR2', 'COX6C--ENSG00000198763', 'RPL8--RNR2', 'ENSG00000198763--RPL36A-HNRNPH2', 'ANKRD30BL--RNR2', 'LMTK2--TBC1D5', 'BLOC1S2--ENSG00000236982', 'PCBP2--ATF7-NPFF', 'ENSG00000248185--DOCK9', 'ZNF746--ZNF767P', 'STAU2-AS1--ENSG00000227581', 'NCOA3--AL499605.1', 'NCOA3--AL596327.1', 'ZNF217--SULF2', 'ATXN7--AL355306.2', 'ATXN7--AL499605.1', 'TBX2-AS1--TMEM189-UBE2V1', 'DDX42--SLC2A10', 'DDX42--RN7SKP33', 'NCOA3--AL355306.2', 'ATP9A--RNU7-92P', 'TPD52L2--PRELID3BP3', 'TPD52L2--AC005972.3', 'NCOA3--PRMT6', 'TRAPPC4--DSCAML1', 'FBRSL1--AC079031.2', 'FBRSL1--FBRSL1', 'ATP9A--LINC01522', 'ATP9A--AL139351.1', 'GRHL2--AP001207.3', 'AP001207.3--GRHL2', 'PREX1--LINC01754', 'PREX1--RPL35AP', 'BCAS3--SNTN', 'BCAS3--AC104162.1', 'TOP1--RNA5SP484', 'TOP1--RNU2-52P', 'SULF2--SULF2', 'RNU7-173P--SULF2', 'NAV1--AL691482.2', 'NAV1--RF00019', 'BCAS1--AL139351.1', 'BCAS1--LINC00494', 'UNK--ABCA5', 'UNK--RF00561', 'AC023055.1--OLA1P3', 'AC023055.1--GSTP1P1', 'SARNP--OLA1P3', 'SARNP--GSTP1P1', 'RSBN1--AP4B1', 'PKP2--PKP2', 'PKP2--AC087311.1', 'PRPF18--BEND7', 'TRIM33--TRIM33', 'CD180--AC112206.2', 'AC010420.1--AC112206.2', 'ANO6--AC087311.2', 'ANO6--SYT10', 'RSRC1--AC131211.1', 'RSRC1--TOMM22P6', 'PAWR--AC073569.2', 'RSBN1--VAV3', 'AL157392.5--BEND7', 'RSRC1--OTOL1', 'SLC25A19--RNU7-6P', 'SLC25A19--ZFP64', 'HOOK3--AC024153.1', 'HOOK3--RNU6-472P', 'CHEK2--Z93930.2', 'ZBTB38--IFT122', 'KRT18P35--IFT122', 'AL355306.2--BCAS1', 'AL499605.1--BCAS1', 'DDHD1--AL365295.1', 'COQ2--ABRAXAS1', 'AC011921.1--AL445433.2', 'TAOK1--NUFIP2', 'DENND2C--RNU7-14P', 'DENND2C--AC006076.1', 'NHP2--FAM153C', 'AC136632.2--FAM153C', 'PARD6B--CADPS', 'PARD6B--AC096915.1', 'RIPOR3--EYA2', 'PTPRG--SNTN', 'PTPRG--AC104162.1', 'SGF29--SEC22B', 'TEX14--CYP24A1', 'TEX14--PFDN4', 'AP001347.1--ANKRD20A11P', 'SGPP2--ULK4', 'TBL1XR1--RNA5SP224', 'PTPRG--ITPRID1', 'AC109361.2--TBCK', 'SS18L1--MTG2', 'SS18L1--HRH3', 'VTCN1--VTCN1', 'RF00017--VTCN1', 'PPP4R1L--TBX4', 'PPP4R1L--NACA2', 'NR4A2--GPD2', 'GPD2--GPD2', 'ELP2--RNA5-8SN2', 'ELP2--RPSAP68', 'AL450990.1--KCTD3', 'KCTD3--KCTD3', 'MYH9--AL022313.1', 'MYH9--AL022313.3', 'ATP1A1--AL158073.1', 'ATP1A1--AL353780.1', 'BMP7--SULF2', 'ATP1A1--RNU7-6P', 'ZBTB25--AL049869.1', 'NFATC2--MTG2', 'ATP9A--MTG2', 'AC023055.1--MMP19', 'NCOA3--ZNF217', 'PDCD6--PDCD6', 'FNDC3B--PLOD2', 'AL138749.1--AL138749.1', 'RPS20P25--AL138749.1', 'DPY19L4P1--SH3BP5L', 'SH3BP5L--SH3BP5L', 'FTX--FTX', 'LDAH--LDAH', 'LDAH--AC012361.1', 'SYNPR--AMPD1', 'SNTN--AMPD1', 'PTPRG-AS1--PTPRG', 'MYH9--LINC01532', 'MYH9--UQCRFS1', 'PSMD6--BCAS1', 'PRICKLE2-AS1--BCAS1', 'BMP7--PRICKLE2-AS1', 'TDRKH--PRICKLE2', 'FBXW8--FBXW8', 'FBXW8--TESC', 'FNDC3B--AC107021.1', 'RNU6-472P--SLC16A7', 'RF00019--SLC16A7', 'TIMM44--PTDSS2', 'ELAVL1--PTDSS2', 'HOOK3--RNU6-400P', 'AC138393.1--FBXO28', 'AC138393.2--FBXO28', 'SZRD1--FBXO42', 'MTAP--CDKN2A', 'DYNC1H1--DYNC1H1', 'TRIM37--TRIM37', 'ARFGEF1--ARFGEF1', 'NAV1--ELF3', 'NAV1--AL691482.1', 'PDCD6--AHRR', 'FAM185A--FBXL13', 'AL445472.1--KLF8', 'KLF8--KLF8', 'FRG1HP--DUX4L50', 'ADAM9--ADAM32', 'TIMM23B--AGAP6', 'SLC5A4P1--OR8A1', 'OR8D1--OR8A1', 'AC100801.1--ATP6V0D2', 'AC016956.1--SYT10', 'RNU6-400P--SYT10', 'CST9--CST9L', 'ZEB2P1--LDB2', 'AC091057.6--AC091057.1', 'AC110285.6--TMEM105', 'ARL1--UTP20', 'IFT52--PHTF1', 'TRMT11--PPP1R14BP5', 'TRMT11--CENPW', 'DUSP16--AC092824.1', 'DUSP16--CREBL2', 'CCDC171--CCDC171', 'SLC2A13--SLC2A13', 'DNAJC15--DNAJC15', 'DNAJC15--LINC00400', 'AP3S1--LVRN', 'KCNK2--AL450990.1', 'UBXN2A--MFSD2B', 'SIPA1L3--SIPA1L3', 'HIPK1--RNU7-14P', 'HIPK1--AC006076.1', 'YAF2--GXYLT1', 'GNA13--AMZ2P1', 'GNA13--GNA13', 'PRIM2--PRIM2', 'PRIM2--AL021368.3', 'ZADH2--AC015819.4', 'ZADH2--ZADH2', 'LYPLAL1--AL360093.1', 'LYPLAL1--AC096642.1', 'PROSER2-AS1--PROSER2-AS1', 'AC073508.1--KRT24', 'RNU6-5P--SCRN3', 'ZNF66--AC008739.2', 'ZNF66--ZNF85', 'CTCF--SERINC2', 'AP3D1--PACS2', 'ADAMTS19--ISOC1', 'SEPT9--SEC14L1', 'CHEK2--XBP1', 'SETBP1--SLC14A2', 'C16orf45--ABCC1', 'SLAIN2--POMT1', 'LEMD3--CCDC63', 'ZBTB25--AL049869.2', 'BAG1--PPP4C', 'CNOT1--GOT2', 'LINC00052--EIF3E', 'RNF121--NUMA1', 'NUMA1--RNF121', 'NRDC--OSBPL9', 'TUBG2--TUBG1', 'ZNF337--ZNF337-AS1', 'SARNP--DNAJC14', 'ASB7--LINC00841', 'ASB7--AL137026.2', 'ADAT1--TERF2IP', 'AC025287.1--TERF2IP', 'AGFG1--SCYGR1', 'AGFG1--MIR5703', 'BEND7--AL157392.5', 'SEZ6L2--GPM6A', 'HGSNAT--AC139365.1', 'HGSNAT--RF01518', 'TLE1--AL138749.1', 'TLE1--RPS20P25', 'TANC2--TLK2', 'TANC2--AC080038.2', 'GRHL2--AP001330.2', 'PDLIM1--SORBS1', 'MAN1A2--RNA5SP487', 'SCAND2P--PDE8A', 'WDR59--TERF2IP', 'WDR59--AC105430.1', 'NINJ1--DENND1A', 'KIF1B--UBE4B', 'PREP--PREP', 'PREP--Z97206.2', 'ARHGAP10--PRMT5P1', 'PBX3--UCK1', 'GRN--ATXN7L3', 'CBX5--SENP1', 'ZNF217--BRIP1', 'CCDC170--CCDC170', 'PTPN22--PTPN22', 'TPD52L2--AC068512.1', 'BMP7--AL139351.1', 'BMP7--LINC00494', 'MTAP--AL157937.1', 'AC104162.2--AL355306.2', 'AC104162.2--AL499605.1', 'PBX3--PRRT1B', 'PLOD2--FNDC3B', 'NRP1--RAB18', 'PTGFRN--CRYL1', 'LRBA--LRBA', 'GIGYF2--AC073254.1', 'BCAS4--REG4', 'AC244669.2--AC020765.2', 'SGF29--AC244669.2', 'HEPHL1--PANX1', 'NECAP2--FBXO42', 'TWSG1--ANKRD12', 'ORMDL1--OSGEPL1', 'MYLK--HACD2', 'MYLK--MYLK-AS1', 'HOMER1--JMY', 'HOMER1--HOMER1', 'TTC32--LINC01808', 'TTC32--AC019055.1', 'FBXL5--CC2D2A', 'RNF168--PDK3', 'RNF168--AC004656.1', 'RASSF8--SSPN', 'VPS13B--VPS13B', 'POLE4--POLE4', 'POLE4--TACR1', 'SLC25A25--AL157935.1', 'GIGYF2--EFHD1', 'CENPX--ASPSCR1', 'ATRX--MAGT1', 'WDR37--LARP4B', 'LARP4B--WDR37', 'USP32--PSMD6', 'PPM1D--APPBP2', 'APPBP2--PPM1D', 'LINC02169--FTO', 'IRX3--FTO', 'PAPSS2--MINPP1', 'PAPSS2--AL138767.2', 'LARGE1--Z68323.1', 'LARGE1--AL021877.1', 'RNFT2--AUTS2', 'ABCA5--ITGB4', 'AC010173.1--RNU6-472P', 'AC010173.1--RF00019', 'LARGE1--AL021877.2', 'SULF2--ZNF217', 'DOT1L--AP3D1', 'AC119150.1--RNF187', 'AC119150.1--BTNL10', 'SYCP2--MLX', 'CLNS1A--ALG8', 'DHX30--AP001961.1', 'CDKN2A--MTAP', 'BHLHB9--LINC00630', 'ABCA12--ABCA12', 'AC073284.1--ABCA12', 'RNF31--CARMIL3', 'AL136295.5--CARMIL3', 'YTHDF2--TRNAU1AP', 'PPM1D--USP32', 'AL499605.1--NCOA3', 'AL596327.1--NCOA3', 'NDFIP2--BCAS2P3', 'NDFIP2--RBM26', 'MFSD4B--AMD1', 'BRD3--RGS3', 'FNIP1--AC026398.1', 'AC008695.1--MEIKIN', 'AC008695.1--AC026398.1', 'BMP7--PSMD6', 'TBX2-AS1--LINC01750', 'TBX2-AS1--AL445426.1', 'RN7SKP13--TENM3', 'AC098864.1--TENM3', 'MTG2--NFATC2', 'MTG2--ATP9A', 'RARG--TARBP2', 'ILF3--ILF3', 'VAV3--AP4B1', 'AC020765.2--AC244669.2', 'RF02271--EMCN', 'MZB1--DNAJC18', 'KIAA1324--SEMA4D', 'AL590666.4--RRNAD1', 'VAV3--PTPN22', 'AC013444.1--KYNU', 'KYNU--KYNU', 'KANK1--ME2P1', 'KANK1--LINC01242', 'AL360181.3--SCART1', 'ADAMTS9-AS2--AL157414.1', 'LINC02208--LINC02147', 'NFATC2--IGSF3', 'TNFAIP8--HSD17B4', 'RNA5SP190--HSD17B4', 'BMP7--PTPRT', 'EVL--EML1', 'SHISA9--AC010333.1', 'DHX40--LRIF1', 'ERCC6L--ZNF185', 'ERMP1--KIAA2026', 'UBXN4--R3HDM1']"
1,2,MCF7,0.8666666666666667,0.10833333333333334,13,15,107,"['RPS6KB1--VMP1', 'ARFGEF2--SULF2', 'ADAMTS19--SLC27A6', 'RPS6KB1--DIAPH3', 'SMARCA4--CARM1', 'AC099850.1--VMP1', 'PAPOLA--AK7', 'MYO9B--FCHO1', 'AHCYL1--RAD51C', 'MYH9--EIF3D', 'SULF2--PRICKLE2', 'ATXN7L3--FAM171A2', 'BCAS4--BCAS3']","['TXLNG--SYAP1', 'GCN1--MSI1', 'TANC2--CA4', 'DEPDC1B--ELOVL7', 'TAF4--BRIP1', 'MYO6--SENP6', 'RSBN1--AP4B1-AS1', 'NAV1--GPR37L1', 'AC053481.3--DIAPH3', 'BCAS4--ZMYND8', 'POP1--MATN2', 'AC011921.1--PLPPR5', 'EIF3H--RAD21', 'ESR1--CCDC170', 'GATAD2B--NUP210L', 'ATP1A1--ZFP64', 'TBL1XR1--RGS17', 'MTAP--CDKN2B-AS1', 'SMARCC1--EMCN', 'MALRD1--PLXDC2', 'RAD51C--ATXN7', 'CCDC32--CBX3', 'PDE8A--SCAND2P', 'BCAS4--LINC01441', 'BMERB1--ABCC1', 'LEMD3--AC002375.1', 'AC140504.1--ABCC1', 'BCAS3--ATXN7', 'GATAD2A--MAU2', 'TTC6--AL121790.1', 'ARRB1--KLHL35', 'ATP9A--AL357558.2', 'PARD6B--BCAS3', 'PLCG1--TOP1', 'UBE2E2--LINC02005', 'AC010173.1--SLC16A7', 'AC103770.1--TMEM64', 'ELP2--SLC39A6', 'SARNP--MMP19', 'DENND2C--AC005914.1', 'HIPK1--DENND2C', 'NCOA3--LINC01661', 'PNPLA7--DPH7', 'RSBN1--DCLRE1B', 'AL137856.1--PTPN22', 'ATXN7--BCAS1', 'GSN--SMIM22', 'SART3--CORO1C', 'SYTL2--PICALM', 'VAV3--AP4B1-AS1', 'ANKS1A--UHRF1BP1', 'MB21D2--FGF12', 'SLC25A24--NBPF6', 'TEX14--PTPRG', 'UBE2V1--TBX2', 'USP31--CRYL1', 'VPS35L--IQCK', 'ZMYND8--USP32', 'SLC25A24--NBPF4', 'BCAS3--REG4', 'GIGYF2--EIF4E2', 'GBF1--MACROD2', 'SPTLC1--AL445231.1', 'GRHL2--AP001330.1', 'YWHAE--MYO1C', 'RBM6--BCAR1', 'ATP9A--AL357558.1', 'B3GNTL1--SLC9A8', 'HAND2-AS1--LINC02269', 'MAN1A2--CBLN4', 'KCND3--PPM1E', 'RPS6KB1--CLTC', 'USP32--APPBP2', 'ABCA5--PPP4R1L', 'SMG6--RTN4RL1', 'MACROD2--C14orf132', 'MKRN1--CLDN15', 'HACD2--MYLK', 'COP1--ASTN1', 'LRP1B--PLXDC1', 'BPTF--PITPNC1', 'PCBP2--ATF7', 'DNAJB6--UBE3C', 'FNIP1--MEIKIN', 'GREB1--LINC00570', 'ABCA1--KIAA1324', 'VAV3--AL137856.1', 'NCOA3--AC005808.1', 'CRYL1--GP2', 'NPEPPS--EFCAB13', 'MIR4713HG--GLDN', 'FAM49B--ASAP1', 'BCAS3--AMPD1', 'AC005037.1--NIF3L1', 'ARHGAP10--EDNRA', 'MED16--TMEM259', 'BEND7--PRPF18', 'FOXA1--TTC6', 'TRIM37--RPS6KB1', 'USP32--PPM1D', 'TEX14--PTPRT', 'TBX2-AS1--UBE2V1', 'SLC39A6--ELP2', 'DHX30--EMCN', 'SEMA4D--ABCA1', 'AFF4--HSPA4', 'RGS3--BRD3']"
1,3,MCF7,0.8666666666666667,0.18309859154929578,13,15,58,"['RPS6KB1--VMP1', 'ARFGEF2--SULF2', 'ADAMTS19--SLC27A6', 'RPS6KB1--DIAPH3', 'SMARCA4--CARM1', 'AC099850.1--VMP1', 'PAPOLA--AK7', 'MYO9B--FCHO1', 'AHCYL1--RAD51C', 'MYH9--EIF3D', 'SULF2--PRICKLE2', 'ATXN7L3--FAM171A2', 'BCAS4--BCAS3']","['TXLNG--SYAP1', 'GCN1--MSI1', 'TANC2--CA4', 'DEPDC1B--ELOVL7', 'TAF4--BRIP1', 'MYO6--SENP6', 'RSBN1--AP4B1-AS1', 'NAV1--GPR37L1', 'BCAS4--ZMYND8', 'POP1--MATN2', 'AC011921.1--PLPPR5', 'EIF3H--RAD21', 'ESR1--CCDC170', 'GATAD2B--NUP210L', 'ATP1A1--ZFP64', 'TBL1XR1--RGS17', 'MTAP--CDKN2B-AS1', 'SMARCC1--EMCN', 'RAD51C--ATXN7', 'PDE8A--SCAND2P', 'BCAS4--LINC01441', 'LEMD3--AC002375.1', 'BCAS3--ATXN7', 'GATAD2A--MAU2', 'TTC6--AL121790.1', 'ARRB1--KLHL35', 'ATP9A--AL357558.2', 'PARD6B--BCAS3', 'PLCG1--TOP1', 'UBE2E2--LINC02005', 'AC010173.1--SLC16A7', 'AC103770.1--TMEM64', 'SARNP--MMP19', 'HIPK1--DENND2C', 'NCOA3--LINC01661', 'PNPLA7--DPH7', 'GSN--SMIM22', 'SYTL2--PICALM', 'VAV3--AP4B1-AS1', 'TEX14--PTPRG', 'USP31--CRYL1', 'VPS35L--IQCK', 'ZMYND8--USP32', 'BCAS3--REG4', 'GIGYF2--EIF4E2', 'GBF1--MACROD2', 'SPTLC1--AL445231.1', 'GRHL2--AP001330.1', 'RBM6--BCAR1', 'B3GNTL1--SLC9A8', 'MAN1A2--CBLN4', 'KCND3--PPM1E', 'RPS6KB1--CLTC', 'USP32--APPBP2', 'ABCA5--PPP4R1L', 'HACD2--MYLK', 'FNIP1--MEIKIN', 'GREB1--LINC00570']"
1,4,MCF7,0.5333333333333333,0.22857142857142856,8,15,27,"['RPS6KB1--VMP1', 'ARFGEF2--SULF2', 'ADAMTS19--SLC27A6', 'SMARCA4--CARM1', 'PAPOLA--AK7', 'AHCYL1--RAD51C', 'MYH9--EIF3D', 'BCAS4--BCAS3']","['TXLNG--SYAP1', 'GCN1--MSI1', 'TANC2--CA4', 'DEPDC1B--ELOVL7', 'TAF4--BRIP1', 'MYO6--SENP6', 'RSBN1--AP4B1-AS1', 'BCAS4--ZMYND8', 'POP1--MATN2', 'EIF3H--RAD21', 'ESR1--CCDC170', 'GATAD2B--NUP210L', 'TBL1XR1--RGS17', 'RAD51C--ATXN7', 'PDE8A--SCAND2P', 'BCAS4--LINC01441', 'BCAS3--ATXN7', 'ARRB1--KLHL35', 'PARD6B--BCAS3', 'HIPK1--DENND2C', 'GSN--SMIM22', 'SYTL2--PICALM', 'VAV3--AP4B1-AS1', 'USP31--CRYL1', 'BCAS3--REG4', 'GIGYF2--EIF4E2', 'MAN1A2--CBLN4']"
2,1,MCF7,0.8666666666666667,0.05,13,15,247,"['RPS6KB1--VMP1', 'ARFGEF2--SULF2', 'ADAMTS19--SLC27A6', 'RPS6KB1--DIAPH3', 'SMARCA4--CARM1', 'AC099850.1--VMP1', 'PAPOLA--AK7', 'MYO9B--FCHO1', 'AHCYL1--RAD51C', 'SULF2--PRICKLE2', 'ATXN7L3--FAM171A2', 'BCAS4--BCAS3', 'MYH9--EIF3D']","['TXLNG--SYAP1', 'GCN1--MSI1', 'TANC2--CA4', 'DEPDC1B--ELOVL7', 'TAF4--BRIP1', 'AP000974.1--SYTL2', 'MYO6--SENP6', 'RSBN1--AP4B1-AS1', 'NAV1--GPR37L1', 'POP1--MATN2', 'NPEPPS--TBC1D3', 'AC011921.1--PLPPR5', 'ESR1--CCDC170', 'GATAD2B--NUP210L', 'EEF1D--NAPRT', 'ATP1A1--ZFP64', 'MTAP--CDKN2B-AS1', 'SMARCC1--EMCN', 'RAD51C--ATXN7', 'PDE8A--SCAND2P', 'WDR72--CCDC162P', 'GABRD--SLC35E1', 'CACNA1A--TAF13', 'NAIP--OCLN', 'TTC6--AL121790.1', 'PARD6B--BCAS3', 'PLCG1--TOP1', 'CTBS--GNG5', 'AC010173.1--SLC16A7', 'TKT--KRT8', 'AC103770.1--TMEM64', 'AL133410.1--NPR2', 'LINC02506--TPH2', 'ADGRE2--ADGRE5', 'DENND2C--AC005914.1', 'DYNC1H1--KRT8', 'FKBP8--PTMA', 'GSE1--KRT8', 'HIPK1--DENND2C', 'LINC01393--MET', 'RSBN1--DCLRE1B', 'UBA2--WTIP', 'AC021087.5--KRT8', 'ATP13A1--KRT8', 'ATXN7--BCAS1', 'CHD4--KRT8', 'GSN--SMIM22', 'PLCG1--KRT8', 'SYTL2--PICALM', 'CNOT1--KRT8', 'PCBP1-AS1--KRT8', 'PRPF3--KRT8', 'PTPA--KRT8', 'SAE1--KRT8', 'SLC25A24--NBPF6', 'TJP2--KRT8', 'USP31--CRYL1', 'VPS35L--IQCK', 'MCM4--KRT8', 'TPM3--KRT8', 'NRBP1--KRT8', 'EIF2AK1--KRT8', 'C1ORF43--KRT8', 'ETFA--KRT8', 'CELF1--KRT8', 'MKRN1--KRT8', 'MYO6--KRT8', 'ELP2--FP236383.1', 'ABCA5--PPP4R1L', 'BCAS4--ZMYND8', 'EIF3H--RAD21', 'TBL1XR1--RGS17', 'ARRB1--KLHL35', 'BCAS3--ATXN7', 'LEMD3--AC002375.1', 'BMERB1--ABCC1', 'ATP9A--AL357558.2', 'SARNP--MMP19', 'BCAS3--REG4', 'GIGYF2--EIF4E2', 'SPTLC1--AL445231.1', 'MAN1A2--CBLN4', 'RBM6--BCAR1', 'VAV3--AP4B1-AS1', 'STIP1--ENSG00000225536', 'IRAK3--RBMS1', 'GNAQ--ENSG00000214077', 'ENSG00000250859--HNRNPK', 'COX6C--RNR2', 'COX6C--ENSG00000198804', 'FBXO42--SZRD1', 'VAV3--RSBN1', 'ENSG00000259349--PLPPR5', 'ATP1A1-AS1--ENSG00000020256', 'BEND7--PRPF18', 'DSCAML1--TRAPPC4', 'TUBA1C--SLC16A7', 'ENSG00000259087--TTC6', 'FOXA1--TTC6', 'TRIM37--RPS6KB1', 'USP32--PPM1D', 'TBX2-AS1--UBE2V1', 'TEX14--PTPRG', 'SLC39A6--ELP2', 'TOP1--LOC100128988', 'SULF2--ENSG00000171940', 'SULF2--BMP7', 'SULF2--PRICKLE2-AS1', 'DHX30--EMCN', 'SLC27A6--ADAMTS19-AS1', 'ENSG00000254024--GRHL2', 'PDE4DIP--SGF29', 'SNX6--RPS19', 'AFF4--HSPA4', 'PDE3A--RNR2', 'NCOA3--AL499605.1', 'NCOA3--AL596327.1', 'ZNF217--SULF2', 'ATXN7--AL355306.2', 'ATXN7--AL499605.1', 'DDX42--SLC2A10', 'DDX42--RN7SKP33', 'NCOA3--AL355306.2', 'ATP9A--RNU7-92P', 'TPD52L2--PRELID3BP3', 'TPD52L2--AC005972.3', 'NCOA3--LINC01661', 'NCOA3--PRMT6', 'TRAPPC4--DSCAML1', 'FBRSL1--AC079031.2', 'FBRSL1--FBRSL1', 'ATP9A--LINC01522', 'ATP9A--AL139351.1', 'GRHL2--AP001207.3', 'AP001207.3--GRHL2', 'PREX1--LINC01754', 'PREX1--RPL35AP', 'BCAS3--SNTN', 'BCAS3--AC104162.1', 'TOP1--RNA5SP484', 'TOP1--RNU2-52P', 'SULF2--SULF2', 'RNU7-173P--SULF2', 'NAV1--AL691482.2', 'NAV1--RF00019', 'BCAS1--AL139351.1', 'BCAS1--LINC00494', 'UNK--ABCA5', 'UNK--RF00561', 'SARNP--OLA1P3', 'SARNP--GSTP1P1', 'RSBN1--AP4B1', 'PKP2--PKP2', 'PKP2--AC087311.1', 'CD180--AC112206.2', 'AC010420.1--AC112206.2', 'ANO6--AC087311.2', 'ANO6--SYT10', 'RSRC1--AC131211.1', 'RSRC1--TOMM22P6', 'PAWR--AC073569.2', 'RSBN1--VAV3', 'RSRC1--OTOL1', 'SLC25A19--RNU7-6P', 'SLC25A19--ZFP64', 'HOOK3--AC024153.1', 'HOOK3--RNU6-472P', 'CHEK2--Z93930.2', 'UBE2E2--LINC02005', 'AL355306.2--BCAS1', 'AL499605.1--BCAS1', 'COQ2--ABRAXAS1', 'AC011921.1--AL445433.2', 'DENND2C--RNU7-14P', 'DENND2C--AC006076.1', 'PARD6B--CADPS', 'PARD6B--AC096915.1', 'SGF29--SEC22B', 'AP001347.1--ANKRD20A11P', 'SGPP2--ULK4', 'TBL1XR1--RNA5SP224', 'KCND3--PPM1E', 'PPP4R1L--TBX4', 'PPP4R1L--NACA2', 'ELP2--SLC39A6', 'ATP1A1--AL158073.1', 'ATP1A1--AL353780.1', 'BMP7--SULF2', 'ATP1A1--RNU7-6P', 'ZBTB25--AL049869.1', 'BCAS4--LINC01441', 'NFATC2--MTG2', 'ATP9A--MTG2', 'AC023055.1--MMP19', 'NCOA3--ZNF217', 'ANKS1A--UHRF1BP1', 'NCOA3--AC005808.1', 'FNDC3B--PLOD2', 'MYH9--LINC01532', 'MYH9--UQCRFS1', 'BMP7--PRICKLE2-AS1', 'TDRKH--PRICKLE2', 'AL137856.1--PTPN22', 'RNU6-472P--SLC16A7', 'RF00019--SLC16A7', 'HOOK3--RNU6-400P', 'SZRD1--FBXO42', 'MTAP--CDKN2A', 'DYNC1H1--DYNC1H1', 'TRIM37--TRIM37', 'ARFGEF1--ARFGEF1', 'NAV1--ELF3', 'NAV1--AL691482.1', 'FAM185A--FBXL13', 'AL445472.1--KLF8', 'KLF8--KLF8', 'PNPLA7--DPH7', 'SLC5A4P1--OR8A1', 'OR8D1--OR8A1', 'ZEB2P1--LDB2', 'IFT52--PHTF1', 'HIPK1--RNU7-14P', 'HIPK1--AC006076.1', 'AC073508.1--KRT24', 'FAM49B--ASAP1', 'AC140504.1--ABCC1', 'C16orf45--ABCC1', 'ATP9A--AL357558.1', 'AGFG1--SCYGR1', 'AGFG1--MIR5703', 'BEND7--AL157392.5', 'SEMA4D--ABCA1', 'MAN1A2--RNA5SP487', 'ABCA1--KIAA1324', 'NINJ1--DENND1A', 'ARHGAP10--EDNRA', 'PBX3--UCK1', 'ZNF217--BRIP1', 'TPD52L2--AC068512.1', 'PBX3--PRRT1B', 'SGF29--AC244669.2', 'MALRD1--PLXDC2', 'ORMDL1--OSGEPL1', 'POLE4--TACR1', 'SULF2--ZNF217', 'CDKN2A--MTAP', 'BRD3--RGS3']"
2,2,MCF7,0.8666666666666667,0.203125,13,15,51,"['RPS6KB1--VMP1', 'ARFGEF2--SULF2', 'ADAMTS19--SLC27A6', 'RPS6KB1--DIAPH3', 'SMARCA4--CARM1', 'AC099850.1--VMP1', 'PAPOLA--AK7', 'MYO9B--FCHO1', 'AHCYL1--RAD51C', 'SULF2--PRICKLE2', 'ATXN7L3--FAM171A2', 'BCAS4--BCAS3', 'MYH9--EIF3D']","['TXLNG--SYAP1', 'GCN1--MSI1', 'TANC2--CA4', 'DEPDC1B--ELOVL7', 'TAF4--BRIP1', 'MYO6--SENP6', 'RSBN1--AP4B1-AS1', 'NAV1--GPR37L1', 'POP1--MATN2', 'AC011921.1--PLPPR5', 'ESR1--CCDC170', 'GATAD2B--NUP210L', 'ATP1A1--ZFP64', 'MTAP--CDKN2B-AS1', 'SMARCC1--EMCN', 'RAD51C--ATXN7', 'PDE8A--SCAND2P', 'TTC6--AL121790.1', 'PARD6B--BCAS3', 'PLCG1--TOP1', 'AC010173.1--SLC16A7', 'AC103770.1--TMEM64', 'DENND2C--AC005914.1', 'HIPK1--DENND2C', 'RSBN1--DCLRE1B', 'GSN--SMIM22', 'SYTL2--PICALM', 'SLC25A24--NBPF6', 'USP31--CRYL1', 'VPS35L--IQCK', 'ABCA5--PPP4R1L', 'EIF3H--RAD21', 'TBL1XR1--RGS17', 'ARRB1--KLHL35', 'BCAS3--ATXN7', 'LEMD3--AC002375.1', 'ATP9A--AL357558.2', 'SARNP--MMP19', 'BCAS3--REG4', 'GIGYF2--EIF4E2', 'SPTLC1--AL445231.1', 'MAN1A2--CBLN4', 'RBM6--BCAR1', 'VAV3--AP4B1-AS1', 'BEND7--PRPF18', 'FOXA1--TTC6', 'TRIM37--RPS6KB1', 'USP32--PPM1D', 'TEX14--PTPRG', 'DHX30--EMCN', 'AFF4--HSPA4']"
2,3,MCF7,0.8666666666666667,0.30952380952380953,13,15,29,"['RPS6KB1--VMP1', 'ARFGEF2--SULF2', 'ADAMTS19--SLC27A6', 'RPS6KB1--DIAPH3', 'SMARCA4--CARM1', 'AC099850.1--VMP1', 'PAPOLA--AK7', 'MYO9B--FCHO1', 'AHCYL1--RAD51C', 'SULF2--PRICKLE2', 'ATXN7L3--FAM171A2', 'BCAS4--BCAS3', 'MYH9--EIF3D']","['TXLNG--SYAP1', 'GCN1--MSI1', 'TANC2--CA4', 'DEPDC1B--ELOVL7', 'TAF4--BRIP1', 'MYO6--SENP6', 'RSBN1--AP4B1-AS1', 'NAV1--GPR37L1', 'POP1--MATN2', 'AC011921.1--PLPPR5', 'ESR1--CCDC170', 'GATAD2B--NUP210L', 'ATP1A1--ZFP64', 'MTAP--CDKN2B-AS1', 'SMARCC1--EMCN', 'RAD51C--ATXN7', 'TTC6--AL121790.1', 'PLCG1--TOP1', 'AC010173.1--SLC16A7', 'AC103770.1--TMEM64', 'HIPK1--DENND2C', 'SYTL2--PICALM', 'USP31--CRYL1', 'VPS35L--IQCK', 'ABCA5--PPP4R1L', 'TBL1XR1--RGS17', 'ARRB1--KLHL35', 'BCAS3--ATXN7', 'BCAS3--REG4']"
2,4,MCF7,0.4666666666666667,0.3888888888888889,7,15,11,"['RPS6KB1--VMP1', 'ARFGEF2--SULF2', 'ADAMTS19--SLC27A6', 'SMARCA4--CARM1', 'PAPOLA--AK7', 'AHCYL1--RAD51C', 'BCAS4--BCAS3']","['TXLNG--SYAP1', 'GCN1--MSI1', 'TANC2--CA4', 'DEPDC1B--ELOVL7', 'TAF4--BRIP1', 'MYO6--SENP6', 'RSBN1--AP4B1-AS1', 'ESR1--CCDC170', 'GATAD2B--NUP210L', 'RAD51C--ATXN7', 'HIPK1--DENND2C']"
3,1,MCF7,0.8,0.07947019867549669,12,15,139,"['RPS6KB1--VMP1', 'ARFGEF2--SULF2', 'ADAMTS19--SLC27A6', 'AC099850.1--VMP1', 'BCAS4--BCAS3', 'RPS6KB1--DIAPH3', 'PAPOLA--AK7', 'SMARCA4--CARM1', 'MYO9B--FCHO1', 'ATXN7L3--FAM171A2', 'AHCYL1--RAD51C', 'SULF2--PRICKLE2']","['TANC2--CA4', 'ATP1A1--ZFP64', 'TKT--KRT8', 'AC021087.5--KRT8', 'PTPA--KRT8', 'SAE1--KRT8', 'MCM4--KRT8', 'TXLNG--SYAP1', 'GCN1--MSI1', 'DEPDC1B--ELOVL7', 'POP1--MATN2', 'RSBN1--AP4B1-AS1', 'TAF4--BRIP1', 'MYO6--SENP6', 'ELP2--FP236383.1', 'SMARCC1--EMCN', 'NAV1--GPR37L1', 'ABCA5--PPP4R1L', 'ESR1--CCDC170', 'EIF3H--RAD21', 'AC011921.1--PLPPR5', 'GATAD2B--NUP210L', 'TBL1XR1--RGS17', 'RAD51C--ATXN7', 'TTC6--AL121790.1', 'MTAP--CDKN2B-AS1', 'BCAS3--ATXN7', 'BMERB1--ABCC1', 'ATP9A--AL357558.2', 'PARD6B--BCAS3', 'DENND2C--AC005914.1', 'HIPK1--DENND2C', 'STIP1--ENSG00000225536', 'IRAK3--RBMS1', 'GNAQ--ENSG00000214077', 'ENSG00000250859--HNRNPK', 'FBXO42--SZRD1', 'VAV3--RSBN1', 'ENSG00000259349--PLPPR5', 'ATP1A1-AS1--ENSG00000020256', 'BEND7--PRPF18', 'DSCAML1--TRAPPC4', 'FOXA1--TTC6', 'USP32--PPM1D', 'TBX2-AS1--UBE2V1', 'SULF2--ENSG00000171940', 'SULF2--PRICKLE2-AS1', 'SLC27A6--ADAMTS19-AS1', 'ENSG00000254024--GRHL2', 'NCOA3--AL499605.1', 'NCOA3--AL596327.1', 'ZNF217--SULF2', 'ATXN7--AL355306.2', 'ATXN7--AL499605.1', 'DDX42--SLC2A10', 'DDX42--RN7SKP33', 'NCOA3--AL355306.2', 'TEX14--PTPRG', 'ATP9A--RNU7-92P', 'TPD52L2--PRELID3BP3', 'TPD52L2--AC005972.3', 'TRAPPC4--DSCAML1', 'FBRSL1--AC079031.2', 'FBRSL1--FBRSL1', 'ATP9A--LINC01522', 'ATP9A--AL139351.1', 'GRHL2--AP001207.3', 'AP001207.3--GRHL2', 'PREX1--LINC01754', 'PREX1--RPL35AP', 'BCAS3--SNTN', 'BCAS3--AC104162.1', 'TOP1--RNA5SP484', 'TOP1--RNU2-52P', 'NAV1--AL691482.2', 'NAV1--RF00019', 'BCAS1--AL139351.1', 'BCAS1--LINC00494', 'UNK--ABCA5', 'UNK--RF00561', 'DHX30--EMCN', 'PKP2--PKP2', 'PKP2--AC087311.1', 'ARRB1--KLHL35', 'LEMD3--AC002375.1', 'TRIM37--RPS6KB1', 'CD180--AC112206.2', 'AC010420.1--AC112206.2', 'ANO6--AC087311.2', 'ANO6--SYT10', 'RSRC1--AC131211.1', 'RSRC1--TOMM22P6', 'RSBN1--VAV3', 'PDE8A--SCAND2P', 'RSRC1--OTOL1', 'SLC25A19--RNU7-6P', 'SLC25A19--ZFP64', 'HOOK3--AC024153.1', 'HOOK3--RNU6-472P', 'AC010173.1--SLC16A7', 'CHEK2--Z93930.2', 'AL355306.2--BCAS1', 'AL499605.1--BCAS1', 'AC011921.1--AL445433.2', 'DENND2C--RNU7-14P', 'DENND2C--AC006076.1', 'PARD6B--CADPS', 'PARD6B--AC096915.1', 'SGF29--SEC22B', 'AP001347.1--ANKRD20A11P', 'TBL1XR1--RNA5SP224', 'PPP4R1L--TBX4', 'PPP4R1L--NACA2', 'ATP1A1--AL158073.1', 'ATP1A1--AL353780.1', 'ATP1A1--RNU7-6P', 'ZBTB25--AL049869.1', 'NFATC2--MTG2', 'ATP9A--MTG2', 'NCOA3--ZNF217', 'ANKS1A--UHRF1BP1', 'SYTL2--PICALM', 'PLCG1--TOP1', 'USP31--CRYL1', 'VAV3--AP4B1-AS1', 'GSN--SMIM22', 'TDRKH--PRICKLE2', 'RNU6-472P--SLC16A7', 'RF00019--SLC16A7', 'SZRD1--FBXO42', 'MTAP--CDKN2A', 'DYNC1H1--DYNC1H1', 'ARFGEF1--ARFGEF1', 'SLC5A4P1--OR8A1', 'OR8D1--OR8A1', 'ZEB2P1--LDB2', 'IFT52--PHTF1', 'VPS35L--IQCK', 'BEND7--AL157392.5']"
3,2,MCF7,0.8,0.32432432432432434,12,15,25,"['RPS6KB1--VMP1', 'ARFGEF2--SULF2', 'ADAMTS19--SLC27A6', 'AC099850.1--VMP1', 'BCAS4--BCAS3', 'RPS6KB1--DIAPH3', 'PAPOLA--AK7', 'SMARCA4--CARM1', 'MYO9B--FCHO1', 'ATXN7L3--FAM171A2', 'AHCYL1--RAD51C', 'SULF2--PRICKLE2']","['TANC2--CA4', 'ATP1A1--ZFP64', 'TXLNG--SYAP1', 'GCN1--MSI1', 'DEPDC1B--ELOVL7', 'POP1--MATN2', 'RSBN1--AP4B1-AS1', 'TAF4--BRIP1', 'MYO6--SENP6', 'SMARCC1--EMCN', 'NAV1--GPR37L1', 'ABCA5--PPP4R1L', 'ESR1--CCDC170', 'EIF3H--RAD21', 'AC011921.1--PLPPR5', 'GATAD2B--NUP210L', 'TBL1XR1--RGS17', 'RAD51C--ATXN7', 'MTAP--CDKN2B-AS1', 'BCAS3--ATXN7', 'ATP9A--AL357558.2', 'HIPK1--DENND2C', 'BEND7--PRPF18', 'FOXA1--TTC6', 'USP32--PPM1D']"
3,3,MCF7,0.5333333333333333,0.4444444444444444,8,15,10,"['RPS6KB1--VMP1', 'ARFGEF2--SULF2', 'ADAMTS19--SLC27A6', 'AC099850.1--VMP1', 'BCAS4--BCAS3', 'PAPOLA--AK7', 'SMARCA4--CARM1', 'AHCYL1--RAD51C']","['TANC2--CA4', 'ATP1A1--ZFP64', 'TXLNG--SYAP1', 'GCN1--MSI1', 'DEPDC1B--ELOVL7', 'RSBN1--AP4B1-AS1', 'MYO6--SENP6', 'ESR1--CCDC170', 'GATAD2B--NUP210L', 'HIPK1--DENND2C']"
3,4,MCF7,0.26666666666666666,0.8,4,15,1,"['RPS6KB1--VMP1', 'ARFGEF2--SULF2', 'ADAMTS19--SLC27A6', 'BCAS4--BCAS3']",['TANC2--CA4']
4,1,MCF7,0.8,0.13186813186813187,12,15,79,"['RPS6KB1--VMP1', 'ARFGEF2--SULF2', 'AC099850.1--VMP1', 'BCAS4--BCAS3', 'RPS6KB1--DIAPH3', 'PAPOLA--AK7', 'ADAMTS19--SLC27A6', 'SMARCA4--CARM1', 'MYO9B--FCHO1', 'AHCYL1--RAD51C', 'SULF2--PRICKLE2', 'ATXN7L3--FAM171A2']","['TXLNG--SYAP1', 'TANC2--CA4', 'GCN1--MSI1', 'DEPDC1B--ELOVL7', 'RSBN1--AP4B1-AS1', 'TAF4--BRIP1', 'MYO6--SENP6', 'ELP2--FP236383.1', 'SMARCC1--EMCN', 'NAV1--GPR37L1', 'ABCA5--PPP4R1L', 'ESR1--CCDC170', 'ATP1A1--ZFP64', 'EIF3H--RAD21', 'AC011921.1--PLPPR5', 'GATAD2B--NUP210L', 'TBL1XR1--RGS17', 'MTAP--CDKN2B-AS1', 'GNAQ--ENSG00000214077', 'VAV3--RSBN1', 'ENSG00000259349--PLPPR5', 'ATP1A1-AS1--ENSG00000020256', 'DSCAML1--TRAPPC4', 'FOXA1--TTC6', 'USP32--PPM1D', 'SLC27A6--ADAMTS19-AS1', 'NCOA3--AL499605.1', 'NCOA3--AL596327.1', 'ATXN7--AL355306.2', 'ATXN7--AL499605.1', 'DDX42--SLC2A10', 'DDX42--RN7SKP33', 'POP1--MATN2', 'ATP9A--RNU7-92P', 'ATP9A--AL357558.2', 'TPD52L2--PRELID3BP3', 'TPD52L2--AC005972.3', 'TRAPPC4--DSCAML1', 'FBRSL1--AC079031.2', 'FBRSL1--FBRSL1', 'ATP9A--LINC01522', 'ATP9A--AL139351.1', 'AP001207.3--GRHL2', 'PREX1--LINC01754', 'PREX1--RPL35AP', 'BCAS3--SNTN', 'BCAS3--AC104162.1', 'TOP1--RNA5SP484', 'TOP1--RNU2-52P', 'BCAS1--AL139351.1', 'BCAS1--LINC00494', 'UNK--ABCA5', 'UNK--RF00561', 'DHX30--EMCN', 'RAD51C--ATXN7', 'BEND7--PRPF18', 'ARRB1--KLHL35', 'LEMD3--AC002375.1', 'RSRC1--AC131211.1', 'RSBN1--VAV3', 'RSRC1--OTOL1', 'SLC25A19--RNU7-6P', 'SLC25A19--ZFP64', 'CHEK2--Z93930.2', 'AL355306.2--BCAS1', 'AL499605.1--BCAS1', 'AC011921.1--AL445433.2', 'DENND2C--RNU7-14P', 'DENND2C--AC006076.1', 'PARD6B--CADPS', 'PARD6B--AC096915.1', 'ATP1A1--RNU7-6P', 'HIPK1--DENND2C', 'ANKS1A--UHRF1BP1', 'PLCG1--TOP1', 'VAV3--AP4B1-AS1', 'TDRKH--PRICKLE2', 'SZRD1--FBXO42', 'DYNC1H1--DYNC1H1']"
4,2,MCF7,0.7333333333333333,0.39285714285714285,11,15,17,"['RPS6KB1--VMP1', 'ARFGEF2--SULF2', 'AC099850.1--VMP1', 'BCAS4--BCAS3', 'RPS6KB1--DIAPH3', 'PAPOLA--AK7', 'ADAMTS19--SLC27A6', 'SMARCA4--CARM1', 'MYO9B--FCHO1', 'AHCYL1--RAD51C', 'SULF2--PRICKLE2']","['TXLNG--SYAP1', 'TANC2--CA4', 'GCN1--MSI1', 'DEPDC1B--ELOVL7', 'RSBN1--AP4B1-AS1', 'TAF4--BRIP1', 'MYO6--SENP6', 'NAV1--GPR37L1', 'ABCA5--PPP4R1L', 'ESR1--CCDC170', 'ATP1A1--ZFP64', 'AC011921.1--PLPPR5', 'GATAD2B--NUP210L', 'TBL1XR1--RGS17', 'MTAP--CDKN2B-AS1', 'FOXA1--TTC6', 'USP32--PPM1D']"
4,3,MCF7,0.4,0.5454545454545454,6,15,5,"['RPS6KB1--VMP1', 'ARFGEF2--SULF2', 'AC099850.1--VMP1', 'BCAS4--BCAS3', 'ADAMTS19--SLC27A6', 'SMARCA4--CARM1']","['TANC2--CA4', 'GCN1--MSI1', 'DEPDC1B--ELOVL7', 'RSBN1--AP4B1-AS1', 'MYO6--SENP6']"
4,4,MCF7,0.13333333333333333,1.0,2,15,0,"['RPS6KB1--VMP1', 'ARFGEF2--SULF2']",[]
5,1,MCF7,0.6666666666666666,0.35714285714285715,10,15,18,"['RPS6KB1--VMP1', 'BCAS4--BCAS3', 'ARFGEF2--SULF2', 'PAPOLA--AK7', 'ADAMTS19--SLC27A6', 'SMARCA4--CARM1', 'AC099850.1--VMP1', 'MYO9B--FCHO1', 'ATXN7L3--FAM171A2', 'SULF2--PRICKLE2']","['TXLNG--SYAP1', 'RSBN1--AP4B1-AS1', 'ATP1A1--ZFP64', 'FOXA1--TTC6', 'NCOA3--AL499605.1', 'NCOA3--AL596327.1', 'ATXN7--AL355306.2', 'ATXN7--AL499605.1', 'GCN1--MSI1', 'DDX42--SLC2A10', 'DDX42--RN7SKP33', 'TAF4--BRIP1', 'PREX1--LINC01754', 'PREX1--RPL35AP', 'BCAS3--SNTN', 'BCAS3--AC104162.1', 'GATAD2B--NUP210L', 'RSBN1--VAV3']"
5,2,MCF7,0.4666666666666667,0.6363636363636364,7,15,4,"['RPS6KB1--VMP1', 'BCAS4--BCAS3', 'ARFGEF2--SULF2', 'PAPOLA--AK7', 'SMARCA4--CARM1', 'AC099850.1--VMP1', 'MYO9B--FCHO1']","['TXLNG--SYAP1', 'RSBN1--AP4B1-AS1', 'ATP1A1--ZFP64', 'FOXA1--TTC6']"
5,3,MCF7,0.2,1.0,3,15,0,"['RPS6KB1--VMP1', 'BCAS4--BCAS3', 'ARFGEF2--SULF2']",[]
5,4,MCF7,0.0,0,0,15,0,[],[]
1,1,SKBR3,0.8333333333333334,0.021321961620469083,10,12,459,"['TATDN1--GSDMB', 'CYTH1--EIF3H', 'SUMF1--LRRFIP2', 'RARA--PKIA', 'CSE1L--AL035685.1', 'ANKHD1--PCDH1', 'KLHDC2--SNTB1', 'CCDC85C--SETD3', 'DHX35--ITCH', 'PREX1--CPNE1']","['ERBB2--GRB7', 'CPNE1--PREX1', 'ANKHD1-EIF4EBP3--PCDH1', 'NPIPB5--SMG1', 'SAMD12--MRPL13', 'NCOA2--AC004083.1', 'ATAD5--TLK2', 'TAF2--COLEC10', 'CTNNBL1--VSTM2L', 'P2RY6--ARHGEF17', 'FASN--ERBB2', 'KPNA6--KHDRBS1', 'FASN--KRT8', 'AC124944.2--AC132008.2', 'CBX3--CCDC32', 'ERBB2--GAPDH', 'TBC1D31--ZNF704', 'TRIO--FBXL7', 'AC022400.4--TIMM23B', 'TRAM1--AC004083.1', 'NPEPPS--TBC1D3', 'FASN--H19', 'PBRM1--WDR82', 'PVT1--LINC00536', 'AC018865.3--CYP4F30P', 'AL022344.1--AP000525.1', 'FASN--S100A6', 'AL589182.1--AP000527.1', 'C6ORF47--BAG6', 'NPM1--PTMA', 'ADGRE2--ADGRE5', 'LINC02693--AC069061.2', 'PDIA6--AC092687.3', 'SCNN1A--TNFRSF1A', 'CCDC125--EIF3G', 'DTX2P1-UPK3BP1-PMS2P11--AC004951.1', 'TIMM23B--BMS1P4-AGAP5', 'TRAP1--TINCR', 'CACNA1A--TAF13', 'CTSD--SLC25A6', 'NAIP--OCLN', 'AC027277.1--TFDP2', 'AC091951.3--HERC2', 'AQP3--FOLH1', 'C19MC--RPLP1', 'ERBB2--LGALS3BP', 'LGALS3BP--KRT18', 'MECOM--LMCD1-AS1', 'MIDN--NR2F2', 'MILR1--MRPL30', 'MTSS1--AC034114.2', 'RPL34--OSTC', 'SCAF1--ALDH16A1', 'SLC45A4--LINC00824', 'AC005993.1--LINC02562', 'AC080112.3--AC080112.4', 'AC138894.1--ERBB2', 'AL513210.1--LANCL1', 'BAGE2--CU104787.1', 'CLN3--ERBB2', 'H19--KRT19', 'JUP--GAPDH', 'KRT8--MYH9', 'MRPS33--TMPO', 'MTG1--SCART1', 'NRSN2-AS1--C20ORF96', 'NSF--LRRC37A3', 'PPIP5K1--CATSPER2', 'PRKAA1--TTC33', 'PTMA--SLC24A1', 'SND1--GAPDH', 'TSPAN15--UGCG', 'URB1--MIS18A', 'ZNF160--ZNF468', 'AC010969.1--DHRS2', 'AC124944.2--SDHA', 'ACTB--KRT8', 'ATXN3--STARD7', 'BMS1P4--AGAP5', 'DHRS2--GAPDH', 'EEF1D--NAPRT', 'IGSF3--CD58', 'KRT8--PKM', 'LARS--SLC25A33', 'NPM1--AC019155.1', 'PEX26--IGK@', 'RPTOR--RNF213', 'SCARB1--UBC', 'TRIM3--HPX', 'ZNF382--SPC24', 'ZNF445--CPVL', 'AC018362.1--CCND3', 'AC090527.2--AKAP13', 'AC093512.2--S100A6', 'ADGRG1--ERBB2', 'AL139011.2--RANGAP1', 'AL590666.4--RRNAD1', 'ATAD2--TPR', 'ATXN2--TOMM70', 'AUTS2--RDH13', 'BLOC1S6--AKAP13', 'COQ8B--NUMBL', 'CRY2--MAPK8IP1', 'CSNK2A1--PREX1', 'CTSD--RPS21', 'DEPDC1B--PDE4D', 'DUS4L--BCAP29', 'EEF2--DAG1', 'EIF1--RPS28', 'EIF2B5--AC092941.1', 'EML4--ODR4', 'ERBB2--GORASP1', 'FASN--CFL1', 'FASN--EVPL', 'FBXO25--FAM157B', 'FBXO42--VPS18', 'FIG4--AL512303.1', 'GAPDH--LGALS3BP', 'GCAT--IGK@', 'HSPE1--MOB4', 'KRT18--ERBB2', 'LARP1--CNOT8', 'LINC00893--IDS', 'MRPS16--UXT-AS1', 'NCOR2--UBC', 'NPM1--EPHA5', 'PAICS--RPS18', 'PLXNB2--DHRS2', 'PMS2--POLR2J3', 'PTMA--APLP2', 'RAB9A--OFD1', 'RACK1--CLDN4', 'SET--HMGB2', 'SIDT2--TAGLN', 'TAOK1--DUSP4', 'TPI1--EEF1A1', 'USP36--EIF3H', 'VTCN1--PIK3CA', 'AC008840.1--SPATA9', 'AC011477.1--MTSS1', 'AC091614.1--WDR60', 'AC104035.1--WDR60', 'CLPX--PTPN9', 'CPEB4--C5ORF47', 'ERBB2--SLC3A2', 'GOLT1A--KISS1', 'GPR157--SLC2A5', 'GTF2H2--NPLOC4', 'H3F3A--GNAS', 'IQSEC1--MBNL1', 'ISG20L2--AL590666.1', 'ITFG1--PHKB', 'KANSL1--LRRC37A3', 'MDFIC--LINC01393', 'NDST1--KRT8', 'PLCD4--CXCR2', 'PTPA--AL158151.3', 'RAB11FIP3--RAB40C', 'RAB5C--ERBB2', 'RCC1--FAF1', 'RNF152--AC090409.1', 'SLC25A23--SELENBP1', 'SLC29A1--HSP90AB1', 'STK4--YWHAB', 'STX16--NPEPL1', 'TACC2--KRT8', 'TBC1D22A--GRAMD4', 'TBC1D31--SLC30A8', 'TMEM38B--SRP9', 'TRAM1--LACTB2', 'TRAPPC12--COLEC11', 'ZFAND2A--C7ORF50', 'ZNRF2--LINC01176', 'B4GALT1--BAG1', 'CDK2--RAB5B', 'CTBS--GNG5', 'NUTM2A--NUTM2B', 'STK40--THRAP3', 'TLCD4--RWDD3', 'GSDMB--TATDN1', 'VSTM2L--CTNNBL1', 'AC117386.2--P3H4', 'TMPO--MRPS33', 'ERBB2--ACTB', 'LINC01393--MET', 'ADK--SAMD8', 'MPRIP--UBB', 'MSMB--NCOA4', 'RCC1--UBE2D2', 'KRT7--RPL19', 'S100A16--RPL19', 'RPL19--SLC3A2', 'RPL19--TPI1', 'AP002990.1--ACTB', 'XBP1--RPL19', 'TKT--ERBB2', 'RPL19--CALR', 'RPL19--HNRNPF', 'GAPDH--RPS19', 'TXNRD1--ERBB2', 'LAMA5--ERBB2', 'APLP2--ACTB', 'GAPDH--RPS21', 'AC093512.2--RPS12', 'P4HB--RPS14', 'COPA--ACTB', 'FTX--ERBB2', 'NDST1--ERBB2', 'HNRNPL--ACTB', 'AC068580.4--MED1', 'ACTB--SREBF1', 'CPNE3--ERBB2', 'AC093512.2--RPL27A', 'ADIPOR1--ACTB', 'CTSD--SENP3-EIF4A1', 'CHD4--ERBB2', 'SLC44A2--ACTB', 'ACTB--FAM120A', 'ANXA7--ERBB2', 'PPIA--SEPTIN9', 'ACTB--CLN3', 'ATP5F1A--ACTB', 'CREB3L4--ERBB2', 'SUSD2--IMPDH1', 'SUSD2--RPL29', 'ACTB--PLEKHB2', 'MYO19--ACTB', 'PAK2--RPL19', 'RPS18--APLP2', 'STRN4--ERBB2', 'TPI1--HSP90AA1', 'RPL19--PDIA3', 'EIF2AK1--ERBB2', 'IPO7--ERBB2', 'PPT1--CD24', 'CNOT1--ERBB2', 'LITAF--ERBB2', 'TKT--CD24', 'TXNRD1--PDIA3', 'TUBA1C--CD24', 'EIF2AK1--CD24', 'CPNE3--CD24', 'ERBB2--PA2G4', 'RPS15A--CD24', 'DAG1--ERBB2', 'MGST1--ERBB2', 'RPL19--SDHA', 'TMBIM1--ERBB2', 'C1ORF43--ERBB2', 'GTF2I--EIF4B', 'TPM3--ERBB2', 'GOLM1--ERBB2', 'KTN1--ERBB2', 'CALU--PDIA3', 'CNOT1--CD24', 'RAD21--APLP2', 'ACOT8--WASH3P', 'OR51S1--TP53I11', 'HSPBP1--AC020922.2', 'PRKCH--AL355916.1', 'TRAM1--THOC7', 'TRIM5--AC104389.4', 'ACOT11--AL603840.1', 'SNHG3--UBE2D2', 'SSU72--SLC35E2B', 'EPS8L2--PYCR1', 'SLC25A6--P4HB', 'STAG3L5P--SIVA1', 'CFAP73--TPCN1', 'KCNK3--SRRM2', 'SEC24C--PRPF6', 'SBF1--LMNA', 'ZNF740--SUCLG1', 'SAMD12-AS1--COLEC10', 'LGALS8--EDARADD', 'NF1--RNF135', 'LINC00271--PDE7B', 'MMP24OS--EDEM2', 'AC093515.1--SLC12A4', 'TMED3--MINAR1', 'STIP1--ENSG00000225536', 'GNAQ--ENSG00000214077', 'ENSG00000250859--HNRNPK', 'ZNF746--ZNF767P', 'CD81-AS1--CD81', 'NEAT1--ERBB2', 'H19--ENSG00000198712', 'H19--ENSG00000228253', 'GAPDH--ENSG00000235587', 'GAPDH--ENSG00000228232', 'KHNYN--NYNRIN', 'CEP112--NEMF', 'NEMF--SNTB1', 'CERNA1--MYO5A', 'CCDC32--CBX3', 'ENSG00000259790--ANP32B', 'ATAD5--ASIC2', 'RPL19--CATIP-AS2', 'RPL19--FAM153CP', 'CYTH1--ENSG00000147677', 'DDT--DDTL', 'RTP2--MB21D2', 'CDKN2A--CDKN2B-AS1', 'HFM1--RNR2', 'PDE3A--RNR2', 'PID1--ENSG00000198763', 'PDE3A--ENSG00000198899', 'RPL19--ENSG00000198899', 'CANX--ENSG00000198886', 'IRAK3--RBMS1', 'MARCHF6--ENSG00000228253', 'LMTK2--TBC1D5', 'RAD51B--SEMA6D', 'TEX101--ARL8B', 'TRAM1--AC022730.2', 'TRAM1--AC022730.3', 'DSP--AL355499.1', 'DSP--AL355499.2', 'SMG5--SMG5', 'STAU1--TOX2', 'MB21D2--RTP2', 'GALNT1--SMAD2', 'GALNT1--ZBTB7C', 'MB21D2--LINC02041', 'MB21D2--SST', 'ABCB9--ACOT13', 'KLHDC2--CEP112', 'IMPDH1P8--MBNL1', 'GALNT15--MBNL1', 'IQSEC1--IMPDH1P8', 'IQSEC1--GALNT15', 'AC025881.1--ZHX2', 'CARSP2--ZHX2', 'NOL8--OMD', 'SNRNP48--AL390026.1', 'SNRNP48--BMP6', 'MYO5B--CFAP53', 'SGK2--AL139351.1', 'SGK2--LINC00494', 'NCOA2--CALB1', 'NCOA2--LINC00534', 'CSE1L--KCNB1', 'AC138646.1--OSGIN2', 'AC100870.1--OSGIN2', 'TRAM1--CALB1', 'TRAM1--LINC00534', 'MTBP--SAMD12', 'AMZ2--PCAT1', 'AMZ2--POU5F1B', 'AMZ2--CASC8', 'STS--AC120338.1', 'STS--VCX', 'TRAM1--REXO1L11P', 'TRAM1--NCOA2', 'KRT8--KRT7', 'EIF2B5--AC022498.1', 'PREX1--AL139351.1', 'PREX1--LINC00494', 'NEMF--CEP112', 'DIAPH1--AC005740.2', 'DIAPH1--NDFIP1', 'AC098487.1--SLC39A8', 'AC091057.6--AC091057.1', 'MPZL2--AP001582.1', 'MPZL2--CD3D', 'KRT8--KRT85', 'PTPRG-AS1--PTPRG', 'XYLT1--XYLT1', 'AC109495.1--XYLT1', 'PLXDC1--MTBP', 'NDUFB2--AC118553.2', 'NDUFB2--MFSD14A', 'DUS1L--CCDC57', 'FNDC3B--PDCD10', 'EIF2B5--LINC01991', 'PPA2--TBCK', 'TBCK--PPA2', 'PAPSS1--PPA2', 'PLOD1--PLOD3', 'SLC30A7--SRSF11', 'TPD52L1--HDDC2', 'AC092042.3--PDE4D', 'CAPN1--CAPN2', 'PRCC--NAXE', 'PRKAR1B--DNAAF5', 'PSMA3-AS1--PSMA3', 'SUPT6H--KIAA0100', 'KIAA0100--SUPT6H', 'ST3GAL4--DCPS', 'PIK3R3--LURAP1', 'PIK3R3--RAD54L', 'CARD14--AC062004.1', 'HSPBP1--BRSK1', 'MTMR3--ZMAT5', 'MTMR3--UQCR10', 'AL358075.4--LURAP1', 'AL358075.4--RAD54L', 'KIAA1324L--GRM3', 'PDE4D--AC008852.1', 'PDE4D--PDE4D', 'RIPK2--OSGIN2', 'SAMD12--EXT1', 'DENND1B--SLAMF1', 'AC016734.1--AC092017.1', 'AC016734.1--RCOR3', 'ACOT8--WASH8P', 'PMS2P3--SPDYE3', 'MZB1--DNAJC18', 'DIAPH1--GNPDA1', 'ATP11A--TUBGCP3', 'LAMA5--PTP4A2', 'ATP5F1A--CUL4A', 'NOC2L--ARID1A', 'ACACB--HDAC11', 'SCAMP2--ARHGEF2', 'EFEMP1--EPPK1', 'TMPO-AS1--SLC27A3', 'WBP11--MIA2', 'ATP6V1B2--DHX30', 'ARHGEF35--NEURL4', 'TTK--PI4KA', 'ABT1--MICALL2', 'PUS7--PRMT7', 'UBQLN4--TENT2', 'NAA60--SRPK1', 'TBL3--NDFIP1', 'ABCB6--SNX4', 'TEN1--HNRNPU', 'TEN1-CDK3--HNRNPU', 'PHF14--METTL7A', 'CNPY2--TNPO2', 'COX7C--KCTD10', 'ZSWIM8--SMAD6', 'SPTY2D1--RETREG2', 'AC068946.2--SNX4', 'ATP5MC3--WDR55', 'EIF3G--ATP5F1D', 'SEMA6D--RAD51B', 'MIR2052HG--CRISPLD1', 'MIR2052HG--AC022274.1', 'AC018767.2--SLC12A4', 'TRAM1--REXO1L12P', 'RANBP10--PSKH1', 'TNFRSF11B--COLEC10', 'TNS3--TNS3', 'LINC01447--TNS3', 'CYP2G1P--CYP2A7', 'CYP2A7P2--CYP2A7', 'TRAM1--REXO1L8P', 'TRAM1--REXO1L3P', 'RNF152--AC105094.2', 'SAMD12-AS1--TNFRSF11B', 'TNFRSF11B--TNFRSF11B', 'MED15--MTCH2', 'USP37--STK36', 'SH3TC2--FBXO38', 'PPP2R2D--AL162274.3', 'PPP2R2D--JAKMIP3', 'TSPAN14--ZNF268']"
1,2,SKBR3,0.8333333333333334,0.18867924528301888,10,12,43,"['TATDN1--GSDMB', 'CYTH1--EIF3H', 'SUMF1--LRRFIP2', 'RARA--PKIA', 'CSE1L--AL035685.1', 'ANKHD1--PCDH1', 'KLHDC2--SNTB1', 'CCDC85C--SETD3', 'DHX35--ITCH', 'PREX1--CPNE1']","['CPNE1--PREX1', 'ANKHD1-EIF4EBP3--PCDH1', 'SAMD12--MRPL13', 'NCOA2--AC004083.1', 'ATAD5--TLK2', 'TAF2--COLEC10', 'KPNA6--KHDRBS1', 'TBC1D31--ZNF704', 'TRIO--FBXL7', 'TRAM1--AC004083.1', 'PBRM1--WDR82', 'PVT1--LINC00536', 'MECOM--LMCD1-AS1', 'MTSS1--AC034114.2', 'SCAF1--ALDH16A1', 'SLC45A4--LINC00824', 'RPTOR--RNF213', 'AC090527.2--AKAP13', 'AL590666.4--RRNAD1', 'BLOC1S6--AKAP13', 'CSNK2A1--PREX1', 'DEPDC1B--PDE4D', 'EIF2B5--AC092941.1', 'RAB9A--OFD1', 'VTCN1--PIK3CA', 'AC011477.1--MTSS1', 'IQSEC1--MBNL1', 'PLCD4--CXCR2', 'RNF152--AC090409.1', 'TBC1D31--SLC30A8', 'TRAM1--LACTB2', 'TRAPPC12--COLEC11', 'VSTM2L--CTNNBL1', 'ACOT8--WASH3P', 'TRIM5--AC104389.4', 'ACOT11--AL603840.1', 'SNHG3--UBE2D2', 'CFAP73--TPCN1', 'SAMD12-AS1--COLEC10', 'LGALS8--EDARADD', 'NF1--RNF135', 'AC093515.1--SLC12A4', 'RAD51B--SEMA6D']"
1,3,SKBR3,0.8333333333333334,0.4,10,12,15,"['TATDN1--GSDMB', 'CYTH1--EIF3H', 'SUMF1--LRRFIP2', 'RARA--PKIA', 'CSE1L--AL035685.1', 'ANKHD1--PCDH1', 'KLHDC2--SNTB1', 'CCDC85C--SETD3', 'DHX35--ITCH', 'PREX1--CPNE1']","['ANKHD1-EIF4EBP3--PCDH1', 'SAMD12--MRPL13', 'ATAD5--TLK2', 'TAF2--COLEC10', 'KPNA6--KHDRBS1', 'TBC1D31--ZNF704', 'TRIO--FBXL7', 'PBRM1--WDR82', 'PVT1--LINC00536', 'SCAF1--ALDH16A1', 'BLOC1S6--AKAP13', 'CSNK2A1--PREX1', 'IQSEC1--MBNL1', 'TBC1D31--SLC30A8', 'VSTM2L--CTNNBL1']"
1,4,SKBR3,0.4166666666666667,0.45454545454545453,5,12,6,"['TATDN1--GSDMB', 'CYTH1--EIF3H', 'SUMF1--LRRFIP2', 'RARA--PKIA', 'DHX35--ITCH']","['SAMD12--MRPL13', 'ATAD5--TLK2', 'TAF2--COLEC10', 'KPNA6--KHDRBS1', 'TBC1D31--ZNF704', 'VSTM2L--CTNNBL1']"
2,1,SKBR3,0.8333333333333334,0.11627906976744186,10,12,76,"['TATDN1--GSDMB', 'CYTH1--EIF3H', 'SUMF1--LRRFIP2', 'RARA--PKIA', 'CSE1L--AL035685.1', 'ANKHD1--PCDH1', 'CCDC85C--SETD3', 'DHX35--ITCH', 'PREX1--CPNE1', 'KLHDC2--SNTB1']","['ERBB2--GRB7', 'CPNE1--PREX1', 'SAMD12--MRPL13', 'TAF2--COLEC10', 'KPNA6--KHDRBS1', 'CBX3--CCDC32', 'TBC1D31--ZNF704', 'TRAM1--AC004083.1', 'AC005993.1--LINC02562', 'ATXN3--STARD7', 'AC018362.1--CCND3', 'AL590666.4--RRNAD1', 'RAB5C--ERBB2', 'SLC29A1--HSP90AB1', 'VSTM2L--CTNNBL1', 'TKT--ERBB2', 'TXNRD1--ERBB2', 'NDST1--ERBB2', 'CPNE3--ERBB2', 'CHD4--ERBB2', 'ANXA7--ERBB2', 'ANKHD1-EIF4EBP3--PCDH1', 'NCOA2--AC004083.1', 'ACOT8--WASH3P', 'ATAD5--TLK2', 'TRIO--FBXL7', 'PRKCH--AL355916.1', 'NEMF--SNTB1', 'RPL19--CATIP-AS2', 'CYTH1--ENSG00000147677', 'TRAM1--AC022730.2', 'TRAM1--AC022730.3', 'DSP--AL355499.1', 'DSP--AL355499.2', 'SMG5--SMG5', 'STAU1--TOX2', 'PBRM1--WDR82', 'MB21D2--RTP2', 'GALNT1--SMAD2', 'GALNT1--ZBTB7C', 'PVT1--LINC00536', 'SLC45A4--LINC00824', 'MB21D2--LINC02041', 'MB21D2--SST', 'ABCB9--ACOT13', 'KLHDC2--CEP112', 'IMPDH1P8--MBNL1', 'GALNT15--MBNL1', 'BLOC1S6--AKAP13', 'AC090527.2--AKAP13', 'IQSEC1--IMPDH1P8', 'IQSEC1--GALNT15', 'RPTOR--RNF213', 'AC011477.1--MTSS1', 'AC025881.1--ZHX2', 'CARSP2--ZHX2', 'NCOA2--CALB1', 'NCOA2--LINC00534', 'CSE1L--KCNB1', 'AC138646.1--OSGIN2', 'AC100870.1--OSGIN2', 'TRAM1--CALB1', 'TRAM1--LINC00534', 'MTBP--SAMD12', 'AMZ2--PCAT1', 'STS--AC120338.1', 'STS--VCX', 'TRAM1--REXO1L11P', 'EIF2B5--AC092941.1', 'EIF2B5--AC022498.1', 'NEMF--CEP112', 'DIAPH1--AC005740.2', 'DIAPH1--NDFIP1', 'SAMD12-AS1--COLEC10', 'ACOT11--AL603840.1', 'EIF2B5--LINC01991']"
2,2,SKBR3,0.8333333333333334,0.5,10,12,10,"['TATDN1--GSDMB', 'CYTH1--EIF3H', 'SUMF1--LRRFIP2', 'RARA--PKIA', 'CSE1L--AL035685.1', 'ANKHD1--PCDH1', 'CCDC85C--SETD3', 'DHX35--ITCH', 'PREX1--CPNE1', 'KLHDC2--SNTB1']","['CPNE1--PREX1', 'SAMD12--MRPL13', 'TAF2--COLEC10', 'KPNA6--KHDRBS1', 'TBC1D31--ZNF704', 'TRAM1--AC004083.1', 'VSTM2L--CTNNBL1', 'ANKHD1-EIF4EBP3--PCDH1', 'ATAD5--TLK2', 'TRIO--FBXL7']"
2,3,SKBR3,0.75,0.6,9,12,6,"['TATDN1--GSDMB', 'CYTH1--EIF3H', 'SUMF1--LRRFIP2', 'RARA--PKIA', 'CSE1L--AL035685.1', 'ANKHD1--PCDH1', 'CCDC85C--SETD3', 'DHX35--ITCH', 'PREX1--CPNE1']","['SAMD12--MRPL13', 'TAF2--COLEC10', 'KPNA6--KHDRBS1', 'TBC1D31--ZNF704', 'VSTM2L--CTNNBL1', 'ATAD5--TLK2']"
2,4,SKBR3,0.4166666666666667,0.625,5,12,3,"['TATDN1--GSDMB', 'CYTH1--EIF3H', 'SUMF1--LRRFIP2', 'RARA--PKIA', 'DHX35--ITCH']","['SAMD12--MRPL13', 'TBC1D31--ZNF704', 'VSTM2L--CTNNBL1']"
3,1,SKBR3,0.8333333333333334,0.23255813953488372,10,12,33,"['TATDN1--GSDMB', 'CYTH1--EIF3H', 'SUMF1--LRRFIP2', 'CSE1L--AL035685.1', 'ANKHD1--PCDH1', 'PREX1--CPNE1', 'RARA--PKIA', 'KLHDC2--SNTB1', 'CCDC85C--SETD3', 'DHX35--ITCH']","['ERBB2--GRB7', 'ANKHD1-EIF4EBP3--PCDH1', 'ACOT8--WASH3P', 'TAF2--COLEC10', 'ATAD5--TLK2', 'VSTM2L--CTNNBL1', 'SAMD12--MRPL13', 'TBC1D31--ZNF704', 'TRIO--FBXL7', 'CYTH1--ENSG00000147677', 'TRAM1--AC022730.2', 'TRAM1--AC022730.3', 'DSP--AL355499.1', 'DSP--AL355499.2', 'MB21D2--RTP2', 'PVT1--LINC00536', 'MB21D2--LINC02041', 'MB21D2--SST', 'ABCB9--ACOT13', 'KLHDC2--CEP112', 'IQSEC1--IMPDH1P8', 'IQSEC1--GALNT15', 'NCOA2--CALB1', 'NCOA2--LINC00534', 'CSE1L--KCNB1', 'AC138646.1--OSGIN2', 'AC100870.1--OSGIN2', 'STS--AC120338.1', 'STS--VCX', 'NEMF--CEP112', 'DIAPH1--AC005740.2', 'DIAPH1--NDFIP1', 'ACOT11--AL603840.1']"
3,2,SKBR3,0.8333333333333334,0.5882352941176471,10,12,7,"['TATDN1--GSDMB', 'CYTH1--EIF3H', 'SUMF1--LRRFIP2', 'CSE1L--AL035685.1', 'ANKHD1--PCDH1', 'PREX1--CPNE1', 'RARA--PKIA', 'KLHDC2--SNTB1', 'CCDC85C--SETD3', 'DHX35--ITCH']","['ANKHD1-EIF4EBP3--PCDH1', 'TAF2--COLEC10', 'ATAD5--TLK2', 'VSTM2L--CTNNBL1', 'SAMD12--MRPL13', 'TBC1D31--ZNF704', 'TRIO--FBXL7']"
3,3,SKBR3,0.5,0.8571428571428571,6,12,1,"['TATDN1--GSDMB', 'CYTH1--EIF3H', 'SUMF1--LRRFIP2', 'CSE1L--AL035685.1', 'ANKHD1--PCDH1', 'RARA--PKIA']",['SAMD12--MRPL13']
3,4,SKBR3,0.25,1.0,3,12,0,"['TATDN1--GSDMB', 'CYTH1--EIF3H', 'SUMF1--LRRFIP2']",[]
4,1,SKBR3,0.8333333333333334,0.4166666666666667,10,12,14,"['TATDN1--GSDMB', 'CYTH1--EIF3H', 'SUMF1--LRRFIP2', 'CSE1L--AL035685.1', 'RARA--PKIA', 'KLHDC2--SNTB1', 'CCDC85C--SETD3', 'DHX35--ITCH', 'PREX1--CPNE1', 'ANKHD1--PCDH1']","['ANKHD1-EIF4EBP3--PCDH1', 'ACOT8--WASH3P', 'VSTM2L--CTNNBL1', 'TBC1D31--ZNF704', 'CYTH1--ENSG00000147677', 'TRAM1--AC022730.2', 'TRAM1--AC022730.3', 'DSP--AL355499.1', 'DSP--AL355499.2', 'TAF2--COLEC10', 'NCOA2--CALB1', 'NCOA2--LINC00534', 'SAMD12--MRPL13', 'CSE1L--KCNB1']"
4,2,SKBR3,0.6666666666666666,0.8,8,12,2,"['TATDN1--GSDMB', 'CYTH1--EIF3H', 'SUMF1--LRRFIP2', 'CSE1L--AL035685.1', 'RARA--PKIA', 'KLHDC2--SNTB1', 'CCDC85C--SETD3', 'DHX35--ITCH']","['ANKHD1-EIF4EBP3--PCDH1', 'VSTM2L--CTNNBL1']"
4,3,SKBR3,0.25,1.0,3,12,0,"['TATDN1--GSDMB', 'CYTH1--EIF3H', 'SUMF1--LRRFIP2']",[]
4,4,SKBR3,0.16666666666666666,1.0,2,12,0,"['TATDN1--GSDMB', 'CYTH1--EIF3H']",[]
5,1,SKBR3,0.6666666666666666,0.5714285714285714,8,12,6,"['TATDN1--GSDMB', 'CYTH1--EIF3H', 'SUMF1--LRRFIP2', 'CSE1L--AL035685.1', 'KLHDC2--SNTB1', 'CCDC85C--SETD3', 'DHX35--ITCH', 'ANKHD1--PCDH1']","['ANKHD1-EIF4EBP3--PCDH1', 'VSTM2L--CTNNBL1', 'TRAM1--AC022730.2', 'TRAM1--AC022730.3', 'DSP--AL355499.1', 'DSP--AL355499.2']"
5,2,SKBR3,0.5,0.8571428571428571,6,12,1,"['TATDN1--GSDMB', 'CYTH1--EIF3H', 'SUMF1--LRRFIP2', 'CSE1L--AL035685.1', 'CCDC85C--SETD3', 'DHX35--ITCH']",['ANKHD1-EIF4EBP3--PCDH1']
5,3,SKBR3,0.08333333333333333,1.0,1,12,0,['TATDN1--GSDMB'],[]
5,4,SKBR3,0.0,0,0,12,0,[],[]
