ccle,gcsi,edgren,uhn

ndatasets,cell,accuracy,precision,#TP,#GT,#FP,TP_list,FP_list
1,BT474,0.9130434782608695,0.0374331550802139,21,23,540,"['ACACA--STAC2', 'RPS6KB1--SNF8', 'STX16--RAE1', 'TRPC4AP--MRPL45', 'TOB1--SYNRG', 'AHCTF1--NAAA', 'VAPB--IKZF3', 'MED1--ACSF2', 'RAB22A--MYO9B', 'MED1--STXBP4', 'STARD3--DOK5', 'GLB1--CMTM7', 'FAM102A--CIZ1', 'SKA2--MYO19', 'PIP4K2B--RAD51C', 'MED13--BCAS3', 'CPNE1--PI3', 'DIDO1--TTI1', 'USP32--MED1', 'LAMP1--MCF2L', 'ZMYND8--CEP250']","['THRA--THRA1/BTR', 'NPEPPS--TBC1D3', 'CEP250--ZMYND8', 'STX16-NPEPL1--RAE1', 'SMG1--NPIPB5', 'ERBB2--GRB7', 'ASTN2--AL354754.1', 'ACTB--AL359924.1', 'TPM4--SYCE2', 'AP000534.2--AC073869.9', 'FITM2--UQCC1', 'PPP1R12A--MGAT4C', 'TRIM3--HPX', 'MEF2D--OR10J1', 'NAIP--OCLN', 'ZNF451--BAG2', 'ZFP64--PHACTR3', 'PRKRIP1--AC091390.2', 'SCNN1A--TNFRSF1A', 'AL109827.1--PI3', 'AP000944.5--MAP3K11', 'BCAS3--AC034268.2', 'FCHSD2--LRTOMT', 'HSPE1--MOB4', 'FCHSD2--AP000812.5', 'LASP1--KRT8', 'NPM1--PTMA', 'PTMA--HMGB1', 'FASN--IGFBP5', 'SLC24A1--PTMA', 'TRIM37--MYO19', 'AP000534.2--AC073869.7', 'AP4S1--LINC01247', 'CDK6--PSPH', 'CYP4F8--ILVBL', 'ELL--ISYNA1', 'ERBB2--ACTB', 'ZC3HAV1--MIR100HG', 'ACSS1--APMAP', 'HLF--MLLT6', 'KAT6A--PLAT', 'SERF1A--SMN1', 'ZNF600--ZNF813', 'AC025048.4--HEATR6', 'ERBIN--NLN', 'MTG1--SCART1', 'PPP1R9A--WDR66', 'AC092747.2--PPFIBP1', 'ACSF2--DHX40', 'CENPB--PTMA', 'DDX17--PANTR1', 'HILPDA--AC010655.3', 'LASP1--IGFBP5', 'MLLT6--LASP1', 'NCOA2--ZNF704', 'PRR11--CLPB', 'SIDT2--TAGLN', 'ANP32B--SET', 'APLP2--PTMA', 'BZW2--TSPAN13', 'CLSPN--PTMA', 'COQ8B--NUMBL', 'EEF1AKNMT--DNM3', 'ERVK9-11--SDHA', 'FAM210B--PRR11', 'GAPDH--EEF1A1', 'GSE1--ERBB2', 'GSE1--PTMA', 'HMGB1--NPM1', 'IGH@--LASP1', 'NCL--SET', 'PRR11--MALT1', 'PSMD3--KRT19', 'PSPH--CHST11', 'RPL23--C17ORF98', 'SMARCA4--PTMA', 'VCP--EEF1A1', 'AC073320.1--LRRFIP1', 'ACACA--ERBB2', 'ACTG1--SFPQ', 'ARL6IP1--RPS15A', 'ARPC4--SETD5', 'ASL--CRCP', 'C19MC--GNB4', 'C19MC--SMIM14', 'CCND3--BRI3BP', 'CEP250--GDF5', 'CHCHD3--EXOC4', 'DNAH14--CNIH3', 'FBXO46--SNRPD2', 'FTH1--KRT8', 'HACL1--COLQ', 'HMGB1--ANP32B', 'HNRNPU--PFN1', 'KLHL42--NCK1-DT', 'KLHL42--ZBTB42', 'LRRC75A--YWHAB', 'LSS--SPATC1L', 'MLLT6--INTS1', 'NUMA1--KRT8', 'PCGF2--CFLAR', 'PCGF2--PGAP3', 'PHACTR3--AL109829.1', 'PMF1--BGLAP', 'POLD2--YWHAG', 'PPIA--TMBIM6', 'PRR11--LINC02185', 'PTMA--ABCF1', 'PTMA--PTMS', 'PTMA--SUPT5H', 'RAD18--OXTR', 'RAD51AP1--DYRK4', 'RPL28--LASP1', 'S100A16--GRIK2', 'SLC25A32--BAALC-AS1', 'THAP11--ATXN3', 'TXNL4A--SLC66A2', 'UBA2--WTIP', 'WDR37--TMEM178B', 'WDR66--MLXIP', 'ZNRF2--FKBP9', 'AC008770.1--AC008758.3', 'AC093001.1--TM4SF1-AS1', 'ACTB--ILF3', 'ATF2--ATP5MC3', 'BRAP--PCNP', 'BRD4--RFX1', 'CCT3--H2AFV', 'COPS3--CDH1', 'CPSF6--AOPEP', 'DYNC1H1--ARHGEF12', 'FAM219A--DNAI1', 'G2E3--EGLN3', 'HSP90AB1--GNAS', 'LINC02236--LINC01990', 'LINC02739--MAP4K3-DT', 'MED1--TAPBP', 'MEF2D--LINC02819', 'MRPS5--AC103563.9', 'MTHFD1--KRT8', 'NDUFA1--AKAP14', 'NDUFA2--CSTF3', 'PCBP1-AS1--RPL23', 'PCGF2--DHCR24', 'PCGF2--SDHC', 'PHTF2--HERC4', 'RPRD1B--GID8', 'RRM2B--UBR5', 'SDF2--KIAA0100', 'SEPTIN4-AS1--BCAS3', 'SLC19A2--KIFAP3', 'SLC29A1--HSP90AB1', 'SOCS7--KRT8', 'TEAD2--SLC6A16', 'TMEM143--CCDC114', 'TMEM241--LINC01902', 'TPM3--KRT8', 'WAC--MTPAP', 'ZNF672--SMIM14', 'AKAP8L--BRD4', 'ATP6V0C--AMDHD2', 'CLN6--CALML4', 'HSCB--CCDC117', 'KMT2C--ACTR3B', 'MED8--ELOVL1', 'MID1--ARHGAP6', 'NCOR2--UBC', 'RLF--MYCL', 'SCARB1--UBC', 'IKZF3--VAPB', 'SDHD--AP003973.3', 'NPIPB5--SMG1', 'AP002884.2--AP003973.3', 'PTMA--SET', 'PTMA--HSP90AA1', 'NPM1--SET', 'RPL19--EEF1A1', 'LASP1--ERBB2', 'LINC00680--AC138409.2', 'RNF125--BRI3BP', 'TMPO--ZFP36L1', 'ATXN3--STARD7', 'YWHAB--LRRC75A', 'CLPB--PRR11', 'DDX6--RPL7L1', 'RPL23--EEF1A1', 'IKZF3--NSD2', 'RRM1--TRIM68', 'PTMA--APLP2', 'CCDC125--EIF3G', 'CYP4F8--CYP4F23P', 'NVL--ENAH', 'AC024560.4--AC124944.2', 'APLP2--HSP90AA1', 'ERGIC3--THRIL', 'MRPS33--TMPO', 'RPL19--NCL', 'AC124944.2--AC132008.2', 'BCAS1--ZNF44', 'CCDC32--CBX3', 'CIRBP--FAM174C', 'HMGB1--PTMA', 'LRRC8A--SET', 'PSPH--IGF2BP3', 'TJP1--AC111152.1', 'AC091951.3--HERC2', 'ACSL3--SGPP2', 'GOLT1A--KISS1', 'LSM12--TRG@', 'PSPH--TRB@', 'AC004921.2--GSAP', 'AP002754.1--RPLP0P2', 'CIZ1--NCL', 'D2HGDH--GAL3ST2', 'DDX27--ZNFX1', 'PIF1--DDOST', 'AC044860.1--GOLGA2P2Y', 'AC124312.1--APBA2', 'AC138649.1--HERC2', 'CTBS--GNG5', 'EIF4G1--PTMA', 'HSP90AA1--NCL', 'IGFBP5--HSP90AA1', 'MLLT6--RET', 'NPM1--EPHA5', 'PRR11--AC008592.5', 'ZNF544--ZNF8', 'CCDC88C--NAP1L1', 'CCNI--PTMA', 'ERBB2--ERGIC1', 'ERGIC1--LASP1', 'GREB1--ZNF284', 'KRT7--RPL19', 'PTMA--ANP32A', 'PTMA--TTBK1', 'ACTB--KRT8', 'CYP4F11--CYP4F23P', 'EEF1A1--EIF4G1', 'HMGB1--SET', 'IGF2BP1--STAC2', 'KDM7A-DT--MIR100HG', 'KRT8--EIF4G1', 'MPLKIP--AC124798.1', 'NCL--EPHA5', 'PRRC2A--ERBB2', 'PTMA--APP', 'TMED2-DT--FTH1', 'AC006441.3--IGFBP5', 'ACIN1--PTMA', 'AP000974.1--SYTL2', 'ATXN2--TOMM70', 'C19MC--PRR11', 'CFL1--RPL19', 'CIZ1--PTMA', 'CRIPAK--USP14', 'GMEB1--CASP6', 'HSP90AA1--SMARCA4', 'HSPBP1--C11ORF80', 'IL3RA--SWAP70', 'KRTAP5-2--KRTAP5-1', 'LASP1--CALM1', 'NCL--ANP32A', 'NCL--UBTF', 'PAICS--RPS18', 'PRR11--WDR19', 'PTMA--CENPB', 'PTMA--LRRC59', 'PTMA--SRRM2', 'TRPV3--LPP', 'UGGT1--AL158154.3', 'ZNF124--ZNF670-ZNF695', 'ZNF681--PGAM5', 'ABCA10--ABCA11P', 'AC006064.4--LASP1', 'AC006441.3--PTMA', 'AC006441.3--SLC25A6', 'AC008840.1--SPATA9', 'AC064829.1--KLHL42', 'AL022323.3--DHFR', 'AL589182.1--AP000527.1', 'AL590652.1--VAPA', 'ARL5A--THUMPD3-AS1', 'BAIAP2L2--SLC16A8', 'C19MC--RPLP1', 'C19ORF47--AKT2', 'CALCOCO2--DNAL1', 'CFL1--IGFBP5', 'CRLF2--RAB3D', 'DHX40--MED1', 'DNAJC5--ACTB', 'ERBB2--FAM102A', 'FBXL20--NNT-AS1', 'FKBP8--PTMA', 'IGFBP5--MLLT6', 'LASP1--CTNNA1', 'LASP1--TMBIM6', 'MIR100HG--RAB29', 'MRPS30--PMS2', 'MYH9--SET', 'PDE10A--PITPNM3', 'PTMA--DAXX', 'PTMA--PELP1', 'SEC16A--EEF1A1', 'SET--APLP2', 'SET--RANGAP1', 'SETSIP--NCL', 'UBA1--LASP1', 'UBL5--CLCN7', 'UBXN2A--MFSD2B', 'UCP2--ZFP36L1', 'WDR12--MED29', 'ZNF491--ZNF700', 'ZNF665--RAB29', 'ZNF700--ZNF763', 'AC005828.7--DENR', 'AC006064.4--PKM', 'AC006064.6--NCL', 'AC010326.2--CCNB3', 'AC010401.1--GID8', 'ACTB--UBAP2L', 'ACTR8--AC012467.2', 'AIMP2--ANKRD61', 'ALK--IRX3', 'AP003119.1--GUCY2EP', 'ARID4B--NCL', 'BRD4--RPL19', 'C9ORF152--AC245884.4', 'CDV3--NEK1', 'CLTC--ACTB', 'CNTNAP2--EIF1AX', 'CSDE1--ACTB', 'DDX18--AC009313.2', 'DHFR--ERBB2', 'DYNLRB1--MAP1LC3A', 'EED--HIKESHI', 'ERBB2--CISD3', 'ERBB2--IPO7', 'ERBB2--RPS14', 'ERH--AC092979.1', 'FGFR2--MKNK2', 'GABRB3--RYR3', 'GCC2-AS1--AC133644.3', 'HNRNPA2B1--RPL23', 'HSP90AA1--ACTB', 'ITCH--HNRNPUL1', 'ITCH--MAP1LC3A', 'KRT8--HNRNPA2B1', 'KRT8--SERINC2', 'LARS--SLC25A33', 'LASP1--ZMIZ1', 'LIMD1--TRA@', 'LONP2--RSL1D1', 'LRP5--ERBB2', 'MAVS--TMEM161B-AS1', 'MED1--YWHAB', 'MED24--LASP1', 'MLLT6--CCNI', 'MYO9A--RAC1', 'NCL--PRKCSH', 'NCOA3--MLLT6', 'NOP9--PRKCSH', 'NUSAP1--INO80-AS1', 'PARP1--SPOP', 'PKM--TUBB', 'PRR11--HMG20B', 'PRRC2B--P4HB', 'PSMB3--TRA@', 'PTMA--EWSR1', 'PTMA--SCAF1', 'RNF41--MYO1C', 'SERINC3--ACTB', 'SERINC3--C19MC', 'SGK3--SLC35E3', 'SSH2--LIMD1', 'STK4--TSHZ2', 'STRN4--ERBB2', 'TAF8--AC006213.6', 'TLE5--IGFBP5', 'UBB--CFL1', 'USP7--ACTB', 'XPO5--CASP6', 'YWHAB--ERBB2', 'ZNF652--LRRC75A', 'ABL1--SURF4', 'AC091180.3--IGFBP5', 'ACACA--EEF1A1', 'ACTB--FOXN3', 'ACTB--ITCH', 'ADAR--LINC02482', 'AL158154.3--SMIM14', 'AL161454.1--PARK7', 'AL390728.4--ZNF720', 'ANKRD17--NCL', 'AP002748.4--MRPL11', 'AP003108.2--EIF2S3', 'AP1S3--CRLF2', 'APLP2--CIZ1', 'APP--ACTB', 'ARHGEF12--IGFBP5', 'ARL2--RUNDC1', 'BCL11A--YWHAZ', 'BRAF--EXOG', 'C9ORF152--MCPH1-AS1', 'CAPN2--PTMA', 'CASZ1--RPL23AP89', 'CCAR1--SPOP', 'CCDC124--PTMA', 'CENPB--NCL', 'CHST11--EIF5', 'CLSTN1--ERBB2', 'CPT2--FMR1', 'CRIPT--TAPBP', 'CSF2RA--STARD7', 'CXORF56--FBXO7', 'CYP4F23P--CYP4F3', 'DCAF7--TACO1', 'DDX21--YWHAB', 'EEF1A1--IRAK1', 'EGLN2--ERBB2', 'EIF5B--PTMA', 'ELMSAN1--IGFBP5', 'ERBB2--ACSL1', 'ERBB2--LETM1', 'ETV6--IVD', 'FAM210B--SCO1', 'FAU--RABL6', 'FTH1--RPS14', 'FYCO1--LZTFL1', 'GASK1B--AC098679.4', 'GREB1--HNRNPUL1', 'HDGF--NCL', 'HDLBP--YWHAB', 'HMGB1--CALR', 'HNRNPA0--FMR1', 'HNRNPH1--HNRNPA2B1', 'HNRNPU--AHNAK', 'HSPB1--FTH1', 'ICOSLG--C19MC', 'IDE--TBC1D16', 'IGFBP5--SEPTIN11', 'IGFBP5--TNRC18', 'ITCH--PRRC2A', 'ITCH--TFRC', 'ITPK1--PTMA', 'KHSRP--GAPDH', 'KLF7--AC134508.1', 'KLHL42--BHLHE40', 'KPNB1--ERBB2', 'KRT8--DYNLRB1', 'KRT8--MARCKSL1', 'LASP1--KREMEN1', 'LASP1--NPLOC4', 'LASP1--PRR11', 'LASP1--YWHAB', 'LINC00632--RPL7L1', 'LINC01118--CSRP1', 'LRRC75A--FAM210B', 'MAPK14--MLLT6', 'MCCC2--WIPF2', 'MECOM--RPL22', 'MED12--NLGN3', 'MIR193BHG--MIS18A', 'MTHFR--DTD2', 'MUC6--PPIA', 'MYL6--GNAS', 'NCL--RTN4', 'NCL--SETD1A', 'NEK5--ZKSCAN1', 'NELFB--TOR4A', 'NIPA2--WDFY3-AS2', 'NOL11--NCOA3', 'NPM1--PTPN11', 'OR52A1--DDI2', 'PAICS--FAM98C', 'PCGF2--ZFP36L1', 'PCGF2--ZMAT1', 'PDIA6--AC092687.3', 'PEBP1--YWHAB', 'PHB--HNRNPL', 'POLR3GL--PTMA', 'PPIP5K1--CATSPER2', 'PPM1G--NCL', 'PRR11--AL158154.3', 'PRR11--YWHAB', 'PRRC2B--YWHAB', 'PSMC1--PKM', 'PSMD3--DDX54', 'PTMA--ARL6IP4', 'PTMA--CLSTN1', 'PTMA--HK1', 'PTP4A2--MLLT6', 'PTPRS--ERBB2', 'RAB7A--PTMA', 'RAC1--IGH@', 'RAD23B--LASP1', 'RPH3AL--LASP1', 'RPL7L1--TRA@', 'SBK1--TRA@', 'SCAF1--NCL', 'SHROOM3--CCNI', 'SLC9A3R1--ACTB', 'SMARCA2--PTMA', 'SPINT2--PRKCSH', 'STAC2--CACNB1', 'STRIT1--SAPCD2', 'STRN--CCNI', 'STX18-AS1--IGFBP5', 'TAPBP--TSPAN31', 'TFRC--ACTB', 'TIMELESS--RANGAP1', 'TMUB1--LASP1', 'TTLL1--PACSIN2', 'UBE2Z--P4HB', 'UCK2--SDHC', 'UTP6--COPRS', 'VIRMA--PTMA', 'VPS4A--PDF', 'YWHAE--LASP1', 'ZFHX3--NCL', 'ZFP36L1--IGFBP5', 'ZMYND8--LASP1', 'ZNF264--TRUB2', 'ZNF346--FGFR4', 'ZNF621--FCF1', 'ZNF675--PPHLN1', 'NUTM2A--NUTM2B', 'AGPAT5--MCPH1', 'EWSR1--FUS', 'NCAPD2--MRPL51', 'PDK2--VMP1', 'POLA2--CDC42EP2', 'SET--ANP32E', 'TADA2A--ERBB2', 'AP2B1--RPL23', 'TKT--ERBB2', 'SLC38A2--RPL23', 'RBMX--RPL23', 'TPM3--ERBB2', 'ZNF664--ERBB2', 'ACTB--NCOA6']"
1,MCF7,0.8666666666666667,0.028953229398663696,13,15,436,"['RPS6KB1--VMP1', 'ARFGEF2--SULF2', 'ADAMTS19--SLC27A6', 'RPS6KB1--DIAPH3', 'SMARCA4--CARM1', 'AC099850.1--VMP1', 'PAPOLA--AK7', 'MYO9B--FCHO1', 'AHCYL1--RAD51C', 'MYH9--EIF3D', 'SULF2--PRICKLE2', 'ATXN7L3--FAM171A2', 'BCAS4--BCAS3']","['BCAS3--BCAS4', 'TXLNG--SYAP1', 'GCN1--MSI1', 'TANC2--CA4', 'DEPDC1B--ELOVL7', 'LINC00052--AC103871.1', 'SMG1--NPIPB5', 'TAF4--BRIP1', 'AP000974.1--SYTL2', 'MYO6--SENP6', 'RSBN1--AP4B1-AS1', 'AC103770.1--IRAK3', 'NAV1--GPR37L1', 'ACTB--AL359924.1', 'AC053481.3--DIAPH3', 'BCAS4--ZMYND8', 'POP1--MATN2', 'NPEPPS--TBC1D3', 'AC011921.1--PLPPR5', 'EIF3H--RAD21', 'ESR1--CCDC170', 'GATAD2B--NUP210L', 'EEF1D--NAPRT', 'KRT8--EEF1A1', 'AL845472.2--AL512625.2', 'ATP1A1--ZFP64', 'TBL1XR1--RGS17', 'KRT8--SLC7A5', 'MTAP--CDKN2B-AS1', 'REX1BD--TMEM59L', 'DSCAM-AS1--GLTP', 'SIDT2--TAGLN', 'SMARCC1--EMCN', 'AC005324.3--TRIM16L', 'AL031595.3--PLEKHB2', 'AC021504.1--SYT1', 'MALRD1--PLXDC2', 'RAD51C--ATXN7', 'AC019209.2--AC019209.3', 'CCDC32--CBX3', 'PDE8A--SCAND2P', 'WDR72--CCDC162P', 'EIF1--KRT18', 'GABRD--SLC35E1', 'KRT8--NME2', 'BCAS4--LINC01441', 'BMERB1--ABCC1', 'MET--CCDC162P', 'CACNA1A--TAF13', 'COQ8B--NUMBL', 'KRT8--EEF1A2', 'KRT8--PLEC', 'LEMD3--AC002375.1', 'AC140504.1--ABCC1', 'KCNMB2-AS1--AC092142.1', 'NAIP--OCLN', 'NPM1--PTMA', 'RPLP1--KRT8', 'BCAS3--ATXN7', 'C6ORF47--BAG6', 'GATAD2A--MAU2', 'RAB37--SLC9A3R1', 'TTC6--AL121790.1', 'AL139023.1--TBCK', 'ARRB1--KLHL35', 'ATP9A--AL357558.2', 'FTH1--HMGN2', 'GOLT1A--KISS1', 'PARD6B--BCAS3', 'PLCG1--TOP1', 'UBE2E2--LINC02005', 'AC211485.1--USP14', 'CTBS--GNG5', 'KRT8--RPL8', 'NONO--KRT8', 'PITPNM2--DDX42', 'PPIP5K1--CATSPER2', 'SLC3A2--KRT8', 'SLC7A5--RPL39', 'SNRPD2--KRT8', 'AC004980.3--POM121C', 'AC010173.1--SLC16A7', 'ACTB--KRT8', 'CIRBP--FAM174C', 'FTH1--AL135905.2', 'GFRA1--SYNPO', 'JPT1--NT5C', 'KRT8--AGRN', 'KRT8--LLGL2', 'KRT8--RPL35', 'LIN52--HERC4', 'MTG1--SCART1', 'TKT--KRT8', 'AC092115.2--DSCAM-AS1', 'AC103770.1--TMEM64', 'ADAMTS19--MINAR2', 'AL133410.1--NPR2', 'CLN6--CALML4', 'ELP2--SLC39A6', 'KRT8--AC006064.4', 'KRT8--CD24', 'KRT8--COX6A1', 'KRT8--H3F3B', 'KRT8--MYH14', 'KRT8--NUMA1', 'LINC02506--TPH2', 'LNX2--ARHGAP11A', 'MBOAT7--KRT8', 'MFGE8--HAPLN3', 'PIGL--TRA@', 'PLEC--KRT18', 'SARNP--MMP19', 'SCARB1--UBC', 'TMOD3--SGO2', 'TPM1--KRT8', 'AC009315.1--DISC1', 'AC093512.2--KRT8', 'ADGRE2--ADGRE5', 'ANP32A--NCL', 'AP1M2--Z83841.1', 'CANX--KRT8', 'EEF1A1--GAPDH', 'EEF1A1--KRT19', 'GAPDH--KRT18', 'GIPC1--KRT8', 'GNAS--KRT18', 'GREB1--KRT8', 'HACL1--COLQ', 'HIST1H2AC--HIST1H2BD', 'KRT8--DSCAM-AS1', 'KRT8--GOLGA2', 'LINC00893--IDS', 'MFSD3--LRRC14', 'MIF-AS1--PKM', 'PMS2--POLR2J3', 'PTMA--PELP1', 'SLC7A2--AP002490.1', 'SLC7A5--BCAP31', 'SLC7A5--SRRM2', 'TIMM23B--AC022400.4', 'YBX1--KRT8', 'AC027601.6--AC027601.1', 'ADNP--ACTB', 'ARL16--CCND3', 'ATXN2L--KRT8', 'C19ORF47--AKT2', 'CALM3--MYL6', 'CD24--WWOX', 'DENND2C--AC005914.1', 'DYNC1H1--KRT8', 'EPN1--KRT8', 'FKBP8--PTMA', 'GAPDH--RAD21', 'GSE1--KRT8', 'H1FX--KRT8', 'H3F3B--PKM', 'HIPK1--DENND2C', 'HSPE1--MOB4', 'KAT8--GIT2', 'KRT8--CANT1', 'KRT8--DNAJC5', 'KRT8--HNRNPH3', 'KRT8--HSPB1', 'KRT8--RPS19', 'KRT8--SQSTM1', 'LINC01393--MET', 'MED8--ELOVL1', 'MMP25--IL32', 'NCOA3--LINC01661', 'NOTCH1--KRT8', 'NOTCH3--KRT8', 'NUMBL--MAML2', 'P2RY6--ARHGEF17', 'PNPLA7--DPH7', 'PTGES2--SLC25A25-AS1', 'RAB3IP--SCFD1', 'RSBN1--DCLRE1B', 'SMARCA4--KRT8', 'SNX32--ACTB', 'THAP11--ATXN3', 'UBA2--WTIP', 'USP6--DISC1', 'AC004596.1--AC003102.1', 'AC004784.1--IGSF1', 'AC008592.5--PRR11', 'AC021087.5--KRT8', 'AC027277.1--DSCAM-AS1', 'AC027801.1--AC027801.3', 'AC090282.1--CASC8', 'AC104452.1--NUP88', 'AL096677.1--AL390037.1', 'AL137856.1--PTPN22', 'AL162595.2--LINC02814', 'ANP32B--APP', 'ANP32B--RPS28', 'AP000892.4--C9ORF78', 'APPBP2--KRT8', 'ATP13A1--KRT8', 'ATP6V0D1--NUP43', 'ATXN7--BCAS1', 'BAIAP2L2--SLC16A8', 'BASP1--AC105999.1', 'BAZ2A--KRT8', 'BRD2--KRT8', 'CDC37--KRT8', 'CEP164--KRT8', 'CHD4--KRT8', 'CR381670.2--PSMD14', 'CRLF2--FOXRED2', 'DAG1--KRT8', 'DDX23--KRT8', 'DERL1--AC104316.2', 'DHCR24--KRT8', 'DSCAM-AS1--SLC25A3', 'DUS4L--BCAP29', 'EEF1A2--GAPDH', 'EEF2--AHCY', 'EIF1--PPIA', 'EIF3D--HIF1AN', 'FAM87A--FAM87B', 'FBXO25--FAM157B', 'FOXP2--SRP14', 'FTH1--AC068580.4', 'FTH1--MLPH', 'GNAS--ITPK1', 'GRN--ACTG1', 'GSN--SMIM22', 'IGF1R--KRT8', 'JSRP1--RPS28', 'KRT18--POLR2A', 'KRT19--TFF1', 'KRT8--MAP4', 'KRT8--MZF1', 'KRT8--PCNX3', 'LINC00963--KAT8', 'LINC01004--LHFPL3-AS2', 'NCL--OS9', 'NCOA3--TMEM229A', 'NME2--PKM', 'NOP9--LTB4R', 'NXPH4--SHMT2', 'PLAT--RABGAP1', 'PLCG1--KRT8', 'PPIA--COX6C', 'PPIC--ZSWIM8', 'PRMT1--KRT18', 'RMND5A--ANAPC1', 'RPL18--ACTB', 'RPS6--B2M', 'RPS8--GAPDH', 'SART3--CORO1C', 'SDHA--KRT8', 'SF3B3--SCD', 'SLC24A1--PTMA', 'SLC7A5--RPS21', 'SPINT2--KRT18', 'SRP14--AC098650.1', 'SRP14--RBMS3', 'SYTL2--PICALM', 'TACSTD2--OMA1', 'TMSB4X--SLC27A4', 'TRADD--B3GNT9', 'UBA52--KRT8', 'UFD1--C22ORF39', 'USP14--HSPA4L', 'USP34--KRT8', 'VAV3--AP4B1-AS1', 'ZNF433-AS1--SDHA', 'ZNF675--PPHLN1', 'AC005537.1--SLC15A2', 'AC021087.5--AHRR', 'AC027682.4--AC027682.6', 'AC073896.2--KRT8', 'AC087499.2--DIAPH3', 'AIMP2--ANKRD61', 'AK3--CDC37L1-DT', 'AL049839.3--SERPINA3', 'ANKS1A--UHRF1BP1', 'AP000561.1--DNMT1', 'ATF7IP--GNAS', 'ATP6AP1--FAM50A', 'BCAS3--PPM1D', 'BRIP1--SLC3A2', 'CDKN3--AC020651.2', 'CNOT1--KRT8', 'COX6C--PDIA3', 'CPSF6--CAMSAP2', 'CPT1A--KRT8', 'CYB5D1--CHD3', 'DOCK1--CDK2AP1', 'DTNA--CASC8', 'EEF1D--APLP2', 'EIF3E--KRT8', 'EIF3G--KRT8', 'EMC3--KRT8', 'EPCAM--MSH2', 'EWSR1--FUS', 'FBXL4--REV3L', 'FBXO46--KRT8', 'GANAB--SLC3A2', 'GINS3--LINC02137', 'GPR107--KRT8', 'HDLBP--AC068580.4', 'IP6K2--KRT8', 'KIAA0100--ALDOA', 'KNTC1--KRT8', 'LINC00052--PTPN9', 'LLGL2--EWSR1', 'MALAT1--DOCK1', 'MB21D2--FGF12', 'MECP2--IRAK1', 'MED12--NLGN3', 'MESD--AC136489.1', 'MIR4713HG--AC020891.2', 'NCOA3--GNAS', 'NCOA3--HNRNPH1', 'OAZ1--SPPL2B', 'PARD6B--BCAS4', 'PCBP1-AS1--KRT8', 'PLPBP--AC021351.1', 'PRKAA1--TTC33', 'PRPF3--KRT8', 'PTPA--KRT8', 'RNASET2--KRT8', 'RNF121--IL18BP', 'RPL19--FAM104A', 'RPL27--IFI35', 'RPL37A--GNAS', 'RPL38--TTYH2', 'RRBP1--PDCD4', 'SAE1--KRT8', 'SAR1B--KRT8', 'SATB1-AS1--PTPDC1', 'SERP1--KRT8', 'SHKBP1--KRT8', 'SHROOM3--KRT8', 'SLC25A24--NBPF6', 'SLC2A11--MIF', 'SLC3A2--COX4I1', 'SPIN1--GNAS', 'TEX14--PTPRG', 'TJP2--KRT8', 'TMSB15B-AS1--RAB9B', 'UBTD2--STK10', 'ZNF337-AS1--SAMMSON', 'ACCS--EXT2', 'ARL6IP1--RPS15A', 'BCAS4--AURKA', 'BPTF--LRRC37A2', 'CSE1L--ARFGEF2', 'RAD51AP1--DYRK4', 'SLC29A1--HSP90AB1', 'TRIM3--HPX', 'UBE2V1--TBX2', 'UBE2V1--TBX2-AS1', 'USP31--CRYL1', 'VPS35L--IQCK', 'ZMYND8--USP32', 'SLC25A24--NBPF4', 'BCAS3--REG4', 'GIGYF2--EIF4E2', 'NPIPB5--SMG1', 'GBF1--MACROD2', 'PTMA--HSP90AB1', 'SPTLC1--AL445231.1', 'NPM1--SET', 'PTMA--PTMS', 'ATXN3--STARD7', 'SET--ANP32B', 'RLN1--RLN2', 'DDX6--RPL7L1', 'GRHL2--AP001330.1', 'HMGB1--SET', 'TMPO--ZNF426', 'YWHAE--MYO1C', 'HIPK1--ACTB', 'HMGB1--PELP1', 'KRT8--RHOBTB3', 'MACROD2--C14ORF132', 'OS9--NCL', 'PTMA--ANP32E', 'RAC1--IGH@', 'RNF125--BRI3BP', 'SCNN1A--TNFRSF1A', 'AC108721.2--CDT1', 'ATXN7--BCAS3', 'C19MC--SMIM14', 'CCDC88C--NAP1L1', 'CENPB--NCL', 'GAS2L3--FGFR1', 'GSR--YIPF6', 'HNRNPUL1--ACTB', 'HUWE1--ACTB', 'KRT8--EMP2', 'KRT8--LRRFIP1', 'KRT8--RPL7A', 'KRT8--SLC7A2', 'NUCKS1--GATA3', 'RBM6--BCAR1', 'SERPINB9--RIPK1', 'SULF2--ACTB', 'TTBK1--PTMA', 'AC006064.6--PRKCSH', 'AC096647.1--SLC25A24', 'ATP9A--AL357558.1', 'B3GNTL1--SLC9A8', 'HAND2-AS1--LINC02269', 'MAN1A2--CBLN4', 'MCM4--KRT8', 'MORF4L2-AS1--TMEM31', 'PTMA--SUPT6H', 'SET--ANP32E', 'EP300--CREBBP', 'FUNDC2--BRCC3', 'KCND3--PPM1E', 'CKAP5--KRT8', 'KRT8--CD63', 'NFE2L1--KRT8', 'SMIM14--ACTG1', 'NCOA3--RACK1', 'MYO6--KRT8', 'TPM3--KRT8', 'KRT8--PDXDC1', 'C1ORF43--KRT8', 'EIF2AK1--KRT8', 'CELF1--KRT8', 'KRT8--UBE2Z', 'KRT8--PDIA3', 'NRBP1--KRT8', 'MKRN1--KRT8', 'NCOA3--BCAS3', 'ETFA--KRT8', 'NOL11--KRT8', 'KRT8--NSD1', 'TMSB4X--IGF1R', 'AC016876.2--DSCAM-AS1']"
1,SKBR3,0.75,0.03829787234042553,9,12,226,"['TATDN1--GSDMB', 'CYTH1--EIF3H', 'SUMF1--LRRFIP2', 'RARA--PKIA', 'CSE1L--AL035685.1', 'ANKHD1--PCDH1', 'KLHDC2--SNTB1', 'CCDC85C--SETD3', 'DHX35--ITCH']","['ERBB2--GRB7', 'CPNE1--PREX1', 'ANKHD1-EIF4EBP3--PCDH1', 'NPIPB5--SMG1', 'SAMD12--MRPL13', 'NCOA2--AC004083.1', 'ATAD5--TLK2', 'TAF2--COLEC10', 'CTNNBL1--VSTM2L', 'P2RY6--ARHGEF17', 'FASN--ERBB2', 'KPNA6--KHDRBS1', 'FASN--KRT8', 'AC124944.2--AC132008.2', 'CBX3--CCDC32', 'ERBB2--GAPDH', 'TBC1D31--ZNF704', 'TRIO--FBXL7', 'AC022400.4--TIMM23B', 'TRAM1--AC004083.1', 'NPEPPS--TBC1D3', 'FASN--H19', 'PBRM1--WDR82', 'PVT1--LINC00536', 'AC018865.3--CYP4F30P', 'AL022344.1--AP000525.1', 'FASN--S100A6', 'AL589182.1--AP000527.1', 'C6ORF47--BAG6', 'NPM1--PTMA', 'ADGRE2--ADGRE5', 'LINC02693--AC069061.2', 'PDIA6--AC092687.3', 'SCNN1A--TNFRSF1A', 'CCDC125--EIF3G', 'DTX2P1-UPK3BP1-PMS2P11--AC004951.1', 'TIMM23B--BMS1P4-AGAP5', 'TRAP1--TINCR', 'CACNA1A--TAF13', 'CTSD--SLC25A6', 'NAIP--OCLN', 'AC027277.1--TFDP2', 'AC091951.3--HERC2', 'AQP3--FOLH1', 'C19MC--RPLP1', 'ERBB2--LGALS3BP', 'LGALS3BP--KRT18', 'MECOM--LMCD1-AS1', 'MIDN--NR2F2', 'MILR1--MRPL30', 'MTSS1--AC034114.2', 'RPL34--OSTC', 'SCAF1--ALDH16A1', 'SLC45A4--LINC00824', 'AC005993.1--LINC02562', 'AC080112.3--AC080112.4', 'AC138894.1--ERBB2', 'AL513210.1--LANCL1', 'BAGE2--CU104787.1', 'CLN3--ERBB2', 'H19--KRT19', 'JUP--GAPDH', 'KRT8--MYH9', 'MRPS33--TMPO', 'MTG1--SCART1', 'NRSN2-AS1--C20ORF96', 'NSF--LRRC37A3', 'PPIP5K1--CATSPER2', 'PRKAA1--TTC33', 'PTMA--SLC24A1', 'SND1--GAPDH', 'TSPAN15--UGCG', 'URB1--MIS18A', 'ZNF160--ZNF468', 'AC010969.1--DHRS2', 'AC124944.2--SDHA', 'ACTB--KRT8', 'ATXN3--STARD7', 'BMS1P4--AGAP5', 'DHRS2--GAPDH', 'EEF1D--NAPRT', 'IGSF3--CD58', 'KRT8--PKM', 'LARS--SLC25A33', 'NPM1--AC019155.1', 'PEX26--IGK@', 'RPTOR--RNF213', 'SCARB1--UBC', 'TRIM3--HPX', 'ZNF382--SPC24', 'ZNF445--CPVL', 'AC018362.1--CCND3', 'AC090527.2--AKAP13', 'AC093512.2--S100A6', 'ADGRG1--ERBB2', 'AL139011.2--RANGAP1', 'AL590666.4--RRNAD1', 'ATAD2--TPR', 'ATXN2--TOMM70', 'AUTS2--RDH13', 'BLOC1S6--AKAP13', 'COQ8B--NUMBL', 'CRY2--MAPK8IP1', 'CSNK2A1--PREX1', 'CTSD--RPS21', 'DEPDC1B--PDE4D', 'DUS4L--BCAP29', 'EEF2--DAG1', 'EIF1--RPS28', 'EIF2B5--AC092941.1', 'EML4--ODR4', 'ERBB2--GORASP1', 'FASN--CFL1', 'FASN--EVPL', 'FBXO25--FAM157B', 'FBXO42--VPS18', 'FIG4--AL512303.1', 'GAPDH--LGALS3BP', 'GCAT--IGK@', 'HSPE1--MOB4', 'KRT18--ERBB2', 'LARP1--CNOT8', 'LINC00893--IDS', 'MRPS16--UXT-AS1', 'NCOR2--UBC', 'NPM1--EPHA5', 'PAICS--RPS18', 'PLXNB2--DHRS2', 'PMS2--POLR2J3', 'PTMA--APLP2', 'RAB9A--OFD1', 'RACK1--CLDN4', 'SET--HMGB2', 'SIDT2--TAGLN', 'TAOK1--DUSP4', 'TPI1--EEF1A1', 'USP36--EIF3H', 'VTCN1--PIK3CA', 'AC008840.1--SPATA9', 'AC011477.1--MTSS1', 'AC091614.1--WDR60', 'AC104035.1--WDR60', 'CLPX--PTPN9', 'CPEB4--C5ORF47', 'ERBB2--SLC3A2', 'GOLT1A--KISS1', 'GPR157--SLC2A5', 'GTF2H2--NPLOC4', 'H3F3A--GNAS', 'IQSEC1--MBNL1', 'ISG20L2--AL590666.1', 'ITFG1--PHKB', 'KANSL1--LRRC37A3', 'MDFIC--LINC01393', 'NDST1--KRT8', 'PLCD4--CXCR2', 'PTPA--AL158151.3', 'RAB11FIP3--RAB40C', 'RAB5C--ERBB2', 'RCC1--FAF1', 'RNF152--AC090409.1', 'SLC25A23--SELENBP1', 'SLC29A1--HSP90AB1', 'STK4--YWHAB', 'STX16--NPEPL1', 'TACC2--KRT8', 'TBC1D22A--GRAMD4', 'TBC1D31--SLC30A8', 'TMEM38B--SRP9', 'TRAM1--LACTB2', 'TRAPPC12--COLEC11', 'ZFAND2A--C7ORF50', 'ZNRF2--LINC01176', 'B4GALT1--BAG1', 'CDK2--RAB5B', 'CTBS--GNG5', 'NUTM2A--NUTM2B', 'STK40--THRAP3', 'TLCD4--RWDD3', 'GSDMB--TATDN1', 'VSTM2L--CTNNBL1', 'AC117386.2--P3H4', 'TMPO--MRPS33', 'ERBB2--ACTB', 'LINC01393--MET', 'ADK--SAMD8', 'MPRIP--UBB', 'MSMB--NCOA4', 'RCC1--UBE2D2', 'TKT--ERBB2', 'AL121594.1--ERBB2', 'C1ORF43--ERBB2', 'CNOT1--ERBB2', 'PRKCSH--ERBB2', 'TPM3--ERBB2', 'TXNRD1--ERBB2', 'CPNE3--ERBB2', 'EIF2AK1--ERBB2', 'ERCC1--ERBB2', 'IQCE--ERBB2', 'NDST1--ERBB2', 'TJP2--ERBB2', 'TMBIM1--ERBB2', 'TRIP12--ERBB2', 'RPL19--PDIA3', 'IPO7--ERBB2', 'PPT1--CD24', 'LITAF--ERBB2', 'TKT--CD24', 'TXNRD1--PDIA3', 'TUBA1C--CD24', 'CHD4--ERBB2', 'EIF2AK1--CD24', 'CPNE3--CD24', 'ERBB2--PA2G4', 'RPS15A--CD24', 'DAG1--ERBB2', 'MGST1--ERBB2', 'RPL19--SDHA', 'ANXA7--ERBB2', 'GTF2I--EIF4B', 'GOLM1--ERBB2', 'KTN1--ERBB2', 'CALU--PDIA3', 'CNOT1--CD24', 'RAD21--APLP2']"
2,BT474,0.8695652173913043,0.2631578947368421,20,23,56,"['ACACA--STAC2', 'RPS6KB1--SNF8', 'STX16--RAE1', 'TRPC4AP--MRPL45', 'TOB1--SYNRG', 'AHCTF1--NAAA', 'MED1--ACSF2', 'RAB22A--MYO9B', 'MED1--STXBP4', 'STARD3--DOK5', 'GLB1--CMTM7', 'FAM102A--CIZ1', 'SKA2--MYO19', 'PIP4K2B--RAD51C', 'MED13--BCAS3', 'CPNE1--PI3', 'DIDO1--TTI1', 'USP32--MED1', 'LAMP1--MCF2L', 'ZMYND8--CEP250']","['THRA--THRA1/BTR', 'NPEPPS--TBC1D3', 'STX16-NPEPL1--RAE1', 'ERBB2--GRB7', 'ASTN2--AL354754.1', 'TPM4--SYCE2', 'FITM2--UQCC1', 'PPP1R12A--MGAT4C', 'TRIM3--HPX', 'MEF2D--OR10J1', 'NAIP--OCLN', 'ZNF451--BAG2', 'ZFP64--PHACTR3', 'SCNN1A--TNFRSF1A', 'AP000944.5--MAP3K11', 'BCAS3--AC034268.2', 'FCHSD2--LRTOMT', 'HSPE1--MOB4', 'NPM1--PTMA', 'SLC24A1--PTMA', 'TRIM37--MYO19', 'AP000534.2--AC073869.7', 'CDK6--PSPH', 'CYP4F8--ILVBL', 'ELL--ISYNA1', 'ERBB2--ACTB', 'ACSS1--APMAP', 'HLF--MLLT6', 'SERF1A--SMN1', 'ZNF600--ZNF813', 'AC025048.4--HEATR6', 'MTG1--SCART1', 'PPP1R9A--WDR66', 'AC092747.2--PPFIBP1', 'DDX17--PANTR1', 'HILPDA--AC010655.3', 'NCOA2--ZNF704', 'SIDT2--TAGLN', 'ANP32B--SET', 'COQ8B--NUMBL', 'EEF1AKNMT--DNM3', 'NCL--SET', 'SMARCA4--PTMA', 'AC073320.1--LRRFIP1', 'ACACA--ERBB2', 'ARPC4--SETD5', 'C19MC--SMIM14', 'PRR11--LINC02185', 'PTMA--PTMS', 'TXNL4A--SLC66A2', 'UBA2--WTIP', 'AC093001.1--TM4SF1-AS1', 'BRD4--RFX1', 'RPRD1B--GID8', 'SLC29A1--HSP90AB1', 'TEAD2--SLC6A16']"
2,MCF7,0.8,0.19047619047619047,12,15,51,"['RPS6KB1--VMP1', 'ARFGEF2--SULF2', 'ADAMTS19--SLC27A6', 'RPS6KB1--DIAPH3', 'SMARCA4--CARM1', 'AC099850.1--VMP1', 'PAPOLA--AK7', 'MYO9B--FCHO1', 'AHCYL1--RAD51C', 'SULF2--PRICKLE2', 'ATXN7L3--FAM171A2', 'BCAS4--BCAS3']","['TXLNG--SYAP1', 'GCN1--MSI1', 'TANC2--CA4', 'DEPDC1B--ELOVL7', 'TAF4--BRIP1', 'AP000974.1--SYTL2', 'MYO6--SENP6', 'RSBN1--AP4B1-AS1', 'NAV1--GPR37L1', 'POP1--MATN2', 'NPEPPS--TBC1D3', 'AC011921.1--PLPPR5', 'ESR1--CCDC170', 'GATAD2B--NUP210L', 'EEF1D--NAPRT', 'ATP1A1--ZFP64', 'MTAP--CDKN2B-AS1', 'SMARCC1--EMCN', 'RAD51C--ATXN7', 'PDE8A--SCAND2P', 'WDR72--CCDC162P', 'GABRD--SLC35E1', 'CACNA1A--TAF13', 'NAIP--OCLN', 'TTC6--AL121790.1', 'PARD6B--BCAS3', 'PLCG1--TOP1', 'CTBS--GNG5', 'AC010173.1--SLC16A7', 'TKT--KRT8', 'AC103770.1--TMEM64', 'AL133410.1--NPR2', 'LINC02506--TPH2', 'ADGRE2--ADGRE5', 'DENND2C--AC005914.1', 'FKBP8--PTMA', 'HIPK1--DENND2C', 'LINC01393--MET', 'RSBN1--DCLRE1B', 'UBA2--WTIP', 'AC021087.5--KRT8', 'ATXN7--BCAS1', 'GSN--SMIM22', 'SYTL2--PICALM', 'PRPF3--KRT8', 'PTPA--KRT8', 'SAE1--KRT8', 'SLC25A24--NBPF6', 'USP31--CRYL1', 'VPS35L--IQCK', 'MCM4--KRT8']"
2,SKBR3,0.5833333333333334,0.25,7,12,21,"['TATDN1--GSDMB', 'CYTH1--EIF3H', 'SUMF1--LRRFIP2', 'RARA--PKIA', 'CSE1L--AL035685.1', 'ANKHD1--PCDH1', 'CCDC85C--SETD3']","['CPNE1--PREX1', 'SAMD12--MRPL13', 'TAF2--COLEC10', 'KPNA6--KHDRBS1', 'CBX3--CCDC32', 'TRAM1--AC004083.1', 'AC005993.1--LINC02562', 'ATXN3--STARD7', 'AC018362.1--CCND3', 'AL590666.4--RRNAD1', 'RAB5C--ERBB2', 'SLC29A1--HSP90AB1', 'TKT--ERBB2', 'C1ORF43--ERBB2', 'CNOT1--ERBB2', 'TPM3--ERBB2', 'TXNRD1--ERBB2', 'CPNE3--ERBB2', 'EIF2AK1--ERBB2', 'NDST1--ERBB2', 'TMBIM1--ERBB2']"
3,BT474,0.21739130434782608,0.625,5,23,3,"['ACACA--STAC2', 'RPS6KB1--SNF8', 'STX16--RAE1', 'TOB1--SYNRG', 'MED13--BCAS3']","['THRA--THRA1/BTR', 'NPEPPS--TBC1D3', 'ACACA--ERBB2']"
3,MCF7,0.26666666666666666,1.0,4,15,0,"['RPS6KB1--VMP1', 'ARFGEF2--SULF2', 'ADAMTS19--SLC27A6', 'AC099850.1--VMP1']",[]
3,SKBR3,0.16666666666666666,1.0,2,12,0,"['TATDN1--GSDMB', 'SUMF1--LRRFIP2']",[]
4,BT474,0.0,0.0,0,23,2,[],"['THRA--THRA1/BTR', 'NPEPPS--TBC1D3']"
4,MCF7,0.13333333333333333,1.0,2,15,0,"['RPS6KB1--VMP1', 'AC099850.1--VMP1']",[]
4,SKBR3,0.0,0,0,12,0,[],[]
